timestamp,open,high,low,close,volume
2025-05-30 15:00:00,18.22,18.23,18.17,18.21,1.76
2025-05-30 16:00:00,18.21,18.5,18.14,18.2,4.495
2025-05-30 17:00:00,18.2,18.18,18.13,18.17,2.787
2025-05-30 18:00:00,18.17,18.15,18.03,18.15,1.349
2025-05-30 19:00:00,18.15,18.2,18.15,18.16,0.9454
2025-05-30 20:00:00,18.16,18.21,18.14,18.18,1.168
2025-05-30 21:00:00,18.18,18.2,18.15,18.18,0.4971
2025-05-30 22:00:00,18.18,18.3,18.19,18.2,0.7334
2025-05-30 23:00:00,18.2,18.23,18.14,18.19,1.114
2025-05-31 00:00:00,18.19,18.24,18.14,18.21,1.322
2025-05-31 01:00:00,18.21,18.33,18.19,18.21,1.62
2025-05-31 02:00:00,18.21,18.32,18.21,18.21,1.482
2025-05-31 03:00:00,18.21,18.21,18.13,18.21,1.277
2025-05-31 04:00:00,18.21,18.22,18.17,18.22,0.4904
2025-05-31 05:00:00,18.22,18.28,18.24,18.24,1.097
2025-05-31 06:00:00,18.24,18.23,18.18,18.22,1.079
2025-05-31 07:00:00,18.22,18.26,18.22,18.24,0.5734
2025-05-31 08:00:00,18.24,18.32,18.23,18.27,2.117
2025-05-31 09:00:00,18.27,18.3,18.25,18.28,1.102
2025-05-31 10:00:00,18.28,18.3,18.26,18.26,0.8652
2025-05-31 11:00:00,18.26,18.28,18.24,18.25,1.177
2025-05-31 12:00:00,18.25,18.23,18.16,18.2,1.609
2025-05-31 13:00:00,18.2,18.22,18.19,18.2,1.119
2025-05-31 14:00:00,18.2,18.18,18.12,18.18,1.223
2025-05-31 15:00:00,18.18,18.21,18.16,18.2,1.419
2025-05-31 16:00:00,18.2,18.24,18.18,18.21,0.7264
2025-05-31 17:00:00,18.21,18.24,18.21,18.21,0.7097
2025-05-31 18:00:00,18.21,18.22,18.19,18.22,0.6016
2025-05-31 19:00:00,18.22,18.21,18.18,18.2,0.6892
2025-05-31 20:00:00,18.2,18.19,18.17,18.19,0.8575
2025-05-31 21:00:00,18.19,18.19,18.16,18.18,0.4871
2025-05-31 22:00:00,18.18,18.23,18.21,18.21,0.1926
2025-05-31 23:00:00,18.21,18.23,18.2,18.2,0.4198
2025-06-01 00:00:00,18.2,18.23,18.19,18.19,0.2038
2025-06-01 01:00:00,18.19,18.25,18.21,18.21,0.4113
2025-06-01 02:00:00,18.21,18.21,18.18,18.21,0.1463
2025-06-01 03:00:00,18.21,18.2,18.15,18.2,0.1146
2025-06-01 04:00:00,18.2,18.2,18.15,18.2,0.1746
2025-06-01 05:00:00,18.2,18.22,18.2,18.21,0.5021
2025-06-01 06:00:00,18.21,18.26,18.21,18.21,0.3307
2025-06-01 07:00:00,18.21,18.24,18.21,18.23,0.4198
2025-06-01 08:00:00,18.23,18.24,18.19,18.22,0.6564
2025-06-01 09:00:00,18.22,18.32,18.22,18.24,1.427
2025-06-01 10:00:00,18.24,18.29,18.24,18.27,0.5931
2025-06-01 11:00:00,18.27,18.29,18.23,18.28,0.9573
2025-06-01 12:00:00,18.28,18.31,18.24,18.27,0.7879
2025-06-01 13:00:00,18.27,18.27,18.21,18.24,0.6847
2025-06-01 14:00:00,18.24,18.22,18.18,18.2,1.087
2025-06-01 15:00:00,18.2,18.21,18.18,18.21,0.6547
2025-06-01 16:00:00,18.21,18.24,18.15,18.21,1.286
2025-06-01 17:00:00,18.21,18.22,18.19,18.21,0.5873
2025-06-01 18:00:00,18.21,18.24,18.14,18.21,1.054
2025-06-01 19:00:00,18.21,18.21,18.17,18.21,0.8278
2025-06-01 20:00:00,18.21,18.24,18.21,18.21,0.8031
2025-06-01 21:00:00,18.21,18.19,18.11,18.19,0.3364
2025-06-01 22:00:00,18.19,18.23,18.18,18.19,0.8479
2025-06-01 23:00:00,18.19,18.2,18.16,18.19,0.5054
2025-06-02 00:00:00,18.19,18.23,18.18,18.18,0.6372
2025-06-02 01:00:00,18.2,18.2,18.18,18.18,7211.6
2025-06-02 02:00:00,18.18,18.24,18.21,18.21,0.3939
2025-06-02 03:00:00,18.21,18.25,18.19,18.24,1.06
2025-06-02 04:00:00,18.24,18.27,18.19,18.19,1.431
2025-06-02 05:00:00,18.19,18.19,18.14,18.15,1.249
2025-06-02 06:00:00,18.15,18.14,18.08,18.09,3.152
2025-06-02 07:00:00,18.09,18.1,18.05,18.08,1.567
2025-06-02 08:00:00,18.08,18.19,18.09,18.1,2.073
2025-06-02 09:00:00,18.1,18.23,18.09,18.12,3.466
2025-06-02 10:00:00,18.12,18.15,18.1,18.13,1.589
2025-06-02 11:00:00,18.13,18.19,18.11,18.13,2.049
2025-06-02 12:00:00,18.13,18.11,18.06,18.09,1.57
2025-06-02 13:00:00,18.09,18.21,18.08,18.08,2.194
2025-06-02 14:00:00,18.08,18.13,18.02,18.04,1.609
2025-06-02 15:00:00,18.04,18.07,17.96,18.05,0.6821
2025-06-02 16:00:00,18.05,18.08,18.0,18.06,1.416
2025-06-02 17:00:00,18.06,18.08,18.0,18.03,0.7939
2025-06-02 18:00:00,18.03,18.11,18.04,18.06,1.249
2025-06-02 19:00:00,18.06,18.07,18.01,18.05,1.003
2025-06-02 20:00:00,18.05,18.05,17.97,18.05,1.264
2025-06-02 21:00:00,18.05,18.06,18.0,18.03,1.042
2025-06-02 22:00:00,18.03,18.05,17.9,18.04,1.328
2025-06-02 23:00:00,18.04,18.03,18.0,18.03,1.033
2025-06-03 00:00:00,18.03,18.05,17.95,18.03,1.22
2025-06-03 01:00:00,18.03,18.03,18.0,18.01,0.5802
2025-06-03 02:00:00,18.01,18.18,18.08,18.09,1.053
2025-06-03 03:00:00,18.09,18.11,18.07,18.08,1.28
2025-06-03 04:00:00,18.08,18.14,18.1,18.1,1.028
2025-06-03 05:00:00,18.1,18.09,18.02,18.05,1.845
2025-06-03 06:00:00,18.05,18.07,18.01,18.06,2.914
2025-06-03 07:00:00,18.06,18.11,18.05,18.06,2.887
2025-06-03 08:00:00,18.06,18.09,18.03,18.06,1.556
2025-06-03 09:00:00,18.06,18.07,18.04,18.06,1.435
2025-06-03 10:00:00,18.06,18.07,18.03,18.06,2.238
2025-06-03 11:00:00,18.06,18.07,18.05,18.06,1.291
2025-06-03 12:00:00,18.06,18.1,18.05,18.06,1.129
2025-06-03 13:00:00,18.06,18.09,18.01,18.08,2.298
2025-06-03 14:00:00,18.08,18.06,17.85,18.06,4.671
2025-06-03 15:00:00,18.06,18.1,18.03,18.09,1.558
2025-06-03 16:00:00,18.09,18.22,18.09,18.09,1.535
2025-06-03 17:00:00,18.09,18.13,18.07,18.09,0.712
2025-06-03 18:00:00,18.09,18.11,18.02,18.09,1.333
2025-06-03 19:00:00,18.09,18.11,18.05,18.06,1.14
2025-06-03 20:00:00,18.06,18.16,18.04,18.08,0.3496
2025-06-03 21:00:00,17.98,18.2,18.1,18.1,5.258
2025-06-03 22:00:00,18.09,18.11,18.01,18.1,0.04265
2025-06-03 23:00:00,18.1,18.16,18.06,18.07,0.1123
2025-06-04 00:00:00,18.07,18.08,18.03,18.06,0.03739
2025-06-04 01:00:00,18.06,18.11,18.04,18.05,0.0388
2025-06-04 02:00:00,18.04,18.07,18.04,18.07,2680.93
2025-06-04 03:00:00,18.1,18.12,18.07,18.08,0.1004
2025-06-04 04:00:00,18.08,18.1,18.07,18.07,0.4786
2025-06-04 05:00:00,18.07,18.1,18.07,18.07,0.3144
2025-06-04 06:00:00,18.07,18.1,18.05,18.08,0.5808
2025-06-04 07:00:00,18.08,18.1,18.03,18.05,2.568
2025-06-04 08:00:00,18.05,18.05,18.01,18.02,1.184
2025-06-04 09:00:00,18.02,18.02,17.92,18.01,1.052
2025-06-04 10:00:00,18.01,18.07,18.01,18.02,1.799
2025-06-04 11:00:00,18.02,18.14,18.05,18.06,1.342
2025-06-04 12:00:00,18.06,18.07,18.03,18.03,3.17
2025-06-04 13:00:00,18.03,18.11,18.03,18.03,1.852
2025-06-04 14:00:00,18.03,17.98,17.89,17.96,1.685
2025-06-04 15:00:00,17.96,18.03,17.92,17.99,2.318
2025-06-04 16:00:00,18.04,18.09,17.92,17.93,9.21
2025-06-04 17:00:00,17.97,18.08,18.0,18.0,1.352
2025-06-04 18:00:00,18.0,18.07,18.02,18.02,1.144
2025-06-04 19:00:00,18.02,18.06,18.0,18.03,0.8711
2025-06-04 20:00:00,18.03,18.09,18.01,18.02,0.8856
2025-06-04 21:00:00,18.02,18.01,17.96,18.01,1.05
2025-06-04 22:00:00,18.01,18.05,18.01,18.02,0.5122
2025-06-04 23:00:00,18.02,18.03,18.0,18.02,0.2532
2025-06-05 00:00:00,18.02,18.0,17.96,18.0,0.3053
2025-06-05 01:00:00,18.0,18.07,18.01,18.01,0.3833
2025-06-05 02:00:00,18.01,18.05,17.97,18.03,0.4791
2025-06-05 03:00:00,18.03,18.02,17.99,18.02,0.256
2025-06-05 04:00:00,18.02,18.03,17.99,18.02,0.5786
2025-06-05 05:00:00,18.02,18.11,18.02,18.02,2.798
2025-06-05 06:00:00,18.02,18.06,18.01,18.03,2.372
2025-06-05 07:00:00,18.03,18.03,17.98,18.0,1.229
2025-06-05 08:00:00,18.0,17.99,17.95,17.98,3.143
2025-06-05 09:00:00,17.98,17.97,17.93,17.96,1.228
2025-06-05 10:00:00,17.96,18.0,17.95,17.96,1.815
2025-06-05 11:00:00,17.96,17.96,17.92,17.95,1.073
2025-06-05 12:00:00,17.95,17.93,17.79,17.92,1.696
2025-06-05 13:00:00,17.92,18.16,17.93,17.95,2.91
2025-06-05 14:00:00,17.95,17.99,17.84,17.93,3.216
2025-06-05 15:00:00,17.93,18.01,17.92,17.97,1.402
2025-06-05 16:00:00,17.97,18.2,17.99,17.99,2.963
2025-06-05 17:00:00,17.99,18.04,17.97,17.98,1.408
2025-06-05 18:00:00,17.98,18.04,17.95,18.01,3.022
2025-06-05 19:00:00,18.01,18.2,17.91,18.0,6.119
2025-06-05 20:00:00,18.0,18.28,17.93,18.02,6.155
2025-06-05 21:00:00,18.02,18.0,17.78,17.98,1.84
2025-06-05 22:00:00,17.98,18.14,17.92,18.01,2.095
2025-06-05 23:00:00,18.01,18.08,18.01,18.01,1.397
2025-06-06 00:00:00,18.01,18.01,17.88,18.01,1.167
2025-06-06 01:00:00,18.01,18.03,17.97,17.99,0.6403
2025-06-06 02:00:00,17.99,18.0,17.9,17.99,0.7684
2025-06-06 03:00:00,17.99,18.03,17.93,18.02,0.9231
2025-06-06 04:00:00,18.02,18.0,17.94,18.0,1.131
2025-06-06 05:00:00,18.0,17.99,17.95,17.99,2.475
2025-06-06 06:00:00,17.99,18.0,17.92,17.97,2.781
2025-06-06 07:00:00,17.97,18.03,17.96,17.97,3.337
2025-06-06 08:00:00,17.97,17.97,17.91,17.97,1.685
2025-06-06 09:00:00,17.97,18.0,17.95,17.98,1.294
2025-06-06 10:00:00,17.98,17.98,17.95,17.95,2.117
2025-06-06 11:00:00,17.95,17.95,17.9,17.95,1.073
2025-06-06 12:00:00,17.95,18.06,17.92,17.96,2.723
2025-06-06 13:00:00,17.96,18.02,17.9,17.97,2.25
2025-06-06 14:00:00,17.97,17.98,17.83,17.97,1.496
2025-06-06 15:00:00,17.97,18.06,17.89,17.97,4.985
2025-06-06 16:00:00,17.97,18.07,17.99,17.99,1.786
2025-06-06 17:00:00,17.99,18.0,17.93,17.99,0.9343
2025-06-06 18:00:00,17.99,18.08,18.0,18.01,0.9329
2025-06-06 19:00:00,18.01,18.07,17.95,17.99,2.397
2025-06-06 20:00:00,17.99,18.01,17.95,17.98,0.7155
2025-06-06 21:00:00,17.98,18.01,17.97,17.98,0.5064
2025-06-06 22:00:00,17.98,18.0,17.96,18.0,0.3746
2025-06-06 23:00:00,18.0,18.03,17.99,18.0,0.3919
2025-06-07 00:00:00,18.0,17.98,17.89,17.98,0.2672
2025-06-07 01:00:00,17.98,18.01,17.97,17.99,0.4121
2025-06-07 02:00:00,17.99,18.0,17.95,17.99,0.07791
2025-06-07 03:00:00,17.99,17.98,17.91,17.98,0.4486
2025-06-07 04:00:00,17.98,17.99,17.95,17.97,0.2006
2025-06-07 05:00:00,17.97,17.99,17.96,17.97,0.2784
2025-06-07 06:00:00,17.97,17.96,17.89,17.96,0.864
2025-06-07 07:00:00,17.96,18.06,17.99,18.0,1.12
2025-06-07 08:00:00,18.0,18.03,17.99,18.01,1.483
2025-06-07 09:00:00,18.01,18.02,17.99,17.99,1.125
2025-06-07 10:00:00,17.99,18.0,17.94,18.0,0.8701
2025-06-07 11:00:00,18.0,18.01,17.98,17.99,0.6419
2025-06-07 12:00:00,17.99,18.0,17.93,17.99,1.194
2025-06-07 13:00:00,17.99,18.01,17.94,17.98,0.8881
2025-06-07 14:00:00,17.98,18.02,18.0,18.0,0.8641
2025-06-07 15:00:00,18.0,17.99,17.95,17.97,0.6409
2025-06-07 16:00:00,17.97,18.01,17.98,17.98,0.6648
2025-06-07 17:00:00,17.98,18.01,17.97,17.99,0.4648
2025-06-07 18:00:00,17.99,18.03,17.96,18.0,0.8845
2025-06-07 19:00:00,18.0,18.01,17.98,17.99,0.6558
2025-06-07 20:00:00,17.99,17.99,17.97,17.99,0.2015
2025-06-07 21:00:00,17.99,18.0,17.98,18.0,0.2139
2025-06-07 22:00:00,18.0,17.99,17.98,17.99,0.1788
2025-06-07 23:00:00,17.99,18.03,18.0,18.01,0.1698
2025-06-08 00:00:00,18.01,18.02,18.0,18.0,0.8332
2025-06-08 01:00:00,18.0,17.99,17.96,17.99,0.6085
2025-06-08 02:00:00,17.99,18.03,18.0,18.0,0.1275
2025-06-08 03:00:00,18.0,18.0,17.99,17.99,0.2301
2025-06-08 04:00:00,17.99,17.97,17.96,17.97,0.09552
2025-06-08 05:00:00,17.97,18.0,17.98,17.98,0.1493
2025-06-08 06:00:00,17.98,17.99,17.98,17.99,0.2026
2025-06-08 07:00:00,17.98,17.98,17.97,17.97,6981.87
2025-06-08 08:00:00,17.98,17.99,17.99,17.99,0.1833
2025-06-08 09:00:00,17.99,18.03,17.99,17.99,0.5361
2025-06-08 10:00:00,17.99,17.99,17.93,17.98,0.7134
2025-06-08 11:00:00,17.94,18.02,17.87,18.0,26.25
2025-06-08 12:00:00,17.97,17.96,17.94,17.96,0.4272
2025-06-08 13:00:00,17.96,18.03,17.98,18.0,1.268
2025-06-08 14:00:00,18.0,17.99,17.94,17.98,0.7724
2025-06-08 15:00:00,17.98,17.99,17.95,17.99,0.3125
2025-06-08 16:00:00,17.99,17.98,17.94,17.98,0.9188
2025-06-08 17:00:00,17.98,18.03,17.99,18.0,0.5837
2025-06-08 18:00:00,18.0,17.99,17.96,17.99,0.3056
2025-06-08 19:00:00,17.99,18.0,17.98,17.99,0.776
2025-06-08 20:00:00,17.99,18.02,17.94,17.98,1.769
2025-06-08 21:00:00,17.98,17.98,17.95,17.97,0.4103
2025-06-08 22:00:00,17.97,18.07,17.99,17.99,0.8594
2025-06-08 23:00:00,17.99,17.99,17.97,17.98,0.3065
2025-06-09 00:00:00,17.98,18.03,17.97,17.99,0.369
2025-06-09 01:00:00,17.99,18.02,17.96,17.96,0.7418
2025-06-09 02:00:00,17.99,17.99,17.96,17.97,10596.81
2025-06-09 03:00:00,17.96,17.95,17.91,17.95,0.3173
2025-06-09 04:00:00,17.97,17.97,17.96,17.96,8802.45
2025-06-09 05:00:00,17.97,17.98,17.95,17.96,0.865
2025-06-09 06:00:00,17.96,17.92,17.86,17.92,2.371
2025-06-09 07:00:00,17.92,17.94,17.9,17.91,0.8283
2025-06-09 08:00:00,17.91,17.9,17.83,17.9,0.93
2025-06-09 09:00:00,17.9,18.0,17.77,17.93,3.39
2025-06-09 10:00:00,17.93,17.94,17.82,17.92,3.356
2025-06-09 11:00:00,17.92,17.89,17.81,17.89,2.096
2025-06-09 12:00:00,17.89,17.92,17.88,17.91,2.677
2025-06-09 13:00:00,17.91,18.05,17.93,17.94,2.746
2025-06-09 14:00:00,17.94,17.96,17.84,17.89,1.809
2025-06-09 15:00:00,17.89,17.96,17.89,17.92,2.299
2025-06-09 16:00:00,17.92,17.95,17.89,17.89,2.302
2025-06-09 17:00:00,17.89,17.9,17.78,17.9,2.234
2025-06-09 18:00:00,17.9,17.91,17.87,17.88,1.716
2025-06-09 19:00:00,17.88,17.93,17.86,17.91,1.518
2025-06-09 20:00:00,17.91,17.92,17.88,17.9,1.364
2025-06-09 21:00:00,17.9,17.97,17.7,17.91,5.135
2025-06-09 22:00:00,17.91,17.92,17.86,17.89,1.539
2025-06-09 23:00:00,17.89,17.89,17.84,17.88,0.9068
2025-06-10 00:00:00,17.93,18.08,17.79,17.98,54.19
2025-06-10 01:00:00,17.92,17.94,17.9,17.91,0.6889
2025-06-10 02:00:00,17.91,17.93,17.9,17.92,0.4428
2025-06-10 03:00:00,17.92,17.93,17.89,17.9,0.6082
2025-06-10 04:00:00,17.92,17.92,17.84,17.85,41.53
2025-06-10 05:00:00,17.9,17.97,17.9,17.91,1.078
2025-06-10 06:00:00,17.91,17.93,17.86,17.92,1.422
2025-06-10 07:00:00,17.92,18.01,17.93,17.97,2.582
2025-06-10 08:00:00,17.97,17.99,17.91,17.92,2.078
2025-06-10 09:00:00,17.92,17.88,17.85,17.88,1.796
2025-06-10 10:00:00,17.88,17.96,17.9,17.9,1.861
2025-06-10 11:00:00,17.9,17.93,17.87,17.88,2.4
2025-06-10 12:00:00,17.88,17.87,17.83,17.85,1.548
2025-06-10 13:00:00,17.85,17.95,17.82,17.86,4.448
2025-06-10 14:00:00,17.86,17.99,17.88,17.9,3.922
2025-06-10 15:00:00,17.9,17.92,17.8,17.89,1.65
2025-06-10 16:00:00,17.89,17.97,17.9,17.9,1.153
2025-06-10 17:00:00,17.9,17.94,17.9,17.91,1.39
2025-06-10 18:00:00,17.91,17.88,17.8,17.88,0.86
2025-06-10 19:00:00,17.88,17.99,17.84,17.87,6.145
2025-06-10 20:00:00,17.87,17.88,17.78,17.88,1.838
2025-06-10 21:00:00,17.88,17.91,17.82,17.87,1.654
2025-06-10 22:00:00,17.86,18.01,17.67,17.88,41.98
2025-06-10 23:00:00,17.88,17.86,17.77,17.86,0.9473
2025-06-11 00:00:00,17.86,17.93,17.89,17.9,0.3795
2025-06-11 01:00:00,17.9,17.93,17.88,17.89,0.1932
2025-06-11 02:00:00,17.89,17.9,17.85,17.87,0.329
2025-06-11 03:00:00,17.87,17.87,17.86,17.86,0.247
2025-06-11 04:00:00,17.86,17.89,17.85,17.87,0.3121
2025-06-11 05:00:00,17.87,17.89,17.86,17.87,0.4883
2025-06-11 06:00:00,17.87,17.85,17.79,17.84,1.878
2025-06-11 07:00:00,17.84,17.89,17.86,17.86,1.821
2025-06-11 08:00:00,17.86,17.88,17.83,17.88,1.937
2025-06-11 09:00:00,17.88,17.94,17.9,17.92,1.151
2025-06-11 10:00:00,17.92,17.93,17.89,17.93,1.407
2025-06-11 11:00:00,17.93,17.95,17.93,17.94,1.075
2025-06-11 12:00:00,17.94,17.91,17.81,17.86,4.724
2025-06-11 13:00:00,17.86,17.94,17.84,17.91,3.191
2025-06-11 14:00:00,17.91,17.97,17.88,17.91,4.391
2025-06-11 15:00:00,17.91,17.97,17.91,17.91,3.783
2025-06-11 16:00:00,17.91,17.96,17.88,17.88,4.108
2025-06-11 17:00:00,17.88,18.0,17.9,17.9,2.217
2025-06-11 18:00:00,17.9,17.93,17.83,17.88,1.384
2025-06-11 19:00:00,17.88,17.93,17.87,17.91,0.7048
2025-06-11 20:00:00,17.91,17.91,17.84,17.9,1.105
2025-06-11 21:00:00,17.9,18.01,17.91,17.91,1.009
2025-06-11 22:00:00,17.91,17.94,17.88,17.91,1.566
2025-06-11 23:00:00,17.91,17.9,17.87,17.9,0.3955
2025-06-12 00:00:00,17.9,17.89,17.85,17.87,0.5824
2025-06-12 01:00:00,17.87,17.91,17.87,17.88,0.3248
2025-06-12 02:00:00,17.88,17.96,17.9,17.92,0.8908
2025-06-12 03:00:00,17.92,18.01,17.9,17.92,1.685
2025-06-12 04:00:00,17.92,17.94,17.87,17.91,0.6152
2025-06-12 05:00:00,17.91,17.92,17.89,17.9,1.272
2025-06-12 06:00:00,17.9,17.91,17.87,17.91,0.9778
2025-06-12 07:00:00,17.91,18.04,17.96,18.03,2.815
2025-06-12 08:00:00,18.03,18.04,17.99,18.02,3.017
2025-06-12 09:00:00,18.02,18.09,18.05,18.05,3.114
2025-06-12 10:00:00,18.05,18.09,17.97,17.99,2.356
2025-06-12 11:00:00,17.99,18.06,18.01,18.01,2.693
2025-06-12 12:00:00,18.01,18.03,17.97,17.98,2.692
2025-06-12 13:00:00,17.98,17.98,17.92,17.95,1.479
2025-06-12 14:00:00,17.95,17.95,17.86,17.94,0.9288
2025-06-12 15:00:00,17.94,18.06,17.94,17.97,0.9143
2025-06-12 16:00:00,17.97,17.96,17.84,17.96,0.7488
2025-06-12 17:00:00,17.96,17.99,17.86,17.95,1.204
2025-06-12 18:00:00,17.95,18.09,17.9,17.95,0.9874
2025-06-12 19:00:00,17.95,18.14,17.96,17.96,1.533
2025-06-12 20:00:00,17.96,18.13,17.95,18.0,2.537
2025-06-12 21:00:00,18.0,18.05,17.98,17.99,0.6273
2025-06-12 22:00:00,17.99,18.02,17.96,17.97,1.102
2025-06-12 23:00:00,17.97,18.06,17.98,17.99,0.499
2025-06-13 00:00:00,17.99,18.31,18.0,18.16,5.402
2025-06-13 01:00:00,18.16,18.19,18.0,18.14,2.799
2025-06-13 02:00:00,18.14,18.22,18.12,18.18,1.182
2025-06-13 03:00:00,18.18,18.26,18.07,18.23,1.722
2025-06-13 04:00:00,18.23,18.23,18.1,18.22,1.73
2025-06-13 05:00:00,18.22,18.29,18.22,18.24,1.714
2025-06-13 06:00:00,18.24,18.2,18.06,18.17,4.977
2025-06-13 07:00:00,18.17,18.17,18.06,18.13,5.582
2025-06-13 08:00:00,18.13,18.2,18.11,18.13,3.431
2025-06-13 09:00:00,18.13,18.13,18.07,18.13,1.396
2025-06-13 10:00:00,18.13,18.14,18.05,18.14,2.128
2025-06-13 11:00:00,18.14,18.16,18.11,18.16,1.864
2025-06-13 12:00:00,18.16,18.24,18.19,18.19,1.761
2025-06-13 13:00:00,18.19,18.26,18.17,18.18,3.064
2025-06-13 14:00:00,18.18,18.2,18.0,18.07,3.218
2025-06-13 15:00:00,18.07,18.1,17.99,18.06,2.754
2025-06-13 16:00:00,18.06,18.08,17.98,18.06,1.801
2025-06-13 17:00:00,18.06,18.13,17.99,18.04,2.033
2025-06-13 18:00:00,18.04,18.11,18.01,18.05,2.166
2025-06-13 19:00:00,18.05,18.12,18.05,18.07,2.126
2025-06-13 20:00:00,18.07,18.09,18.01,18.08,1.572
2025-06-13 21:00:00,18.08,18.12,18.05,18.1,1.426
2025-06-13 22:00:00,18.1,18.11,18.07,18.11,0.8416
2025-06-13 23:00:00,18.11,18.09,18.05,18.09,0.6041
2025-06-14 00:00:00,18.09,18.17,18.09,18.11,0.9599
2025-06-14 01:00:00,18.11,18.17,18.11,18.12,0.09857
2025-06-14 02:00:00,18.12,18.18,18.14,18.14,0.5599
2025-06-14 03:00:00,18.14,18.18,18.15,18.15,0.4542
2025-06-14 04:00:00,18.15,18.15,18.13,18.15,0.2205
2025-06-14 05:00:00,18.15,18.16,18.15,18.16,0.287
2025-06-14 06:00:00,18.16,18.19,18.16,18.17,0.87
2025-06-14 07:00:00,18.17,18.18,18.13,18.18,0.9464
2025-06-14 08:00:00,18.18,18.18,18.15,18.18,1.233
2025-06-14 09:00:00,18.18,18.22,18.17,18.18,0.8412
2025-06-14 10:00:00,18.18,18.18,18.14,18.18,0.4466
2025-06-14 11:00:00,18.18,18.16,18.13,18.14,0.5614
2025-06-14 12:00:00,18.14,18.17,18.11,18.14,0.8224
2025-06-14 13:00:00,18.14,18.15,18.13,18.14,0.3447
2025-06-14 14:00:00,18.14,18.16,18.13,18.15,0.1327
2025-06-14 15:00:00,18.15,18.16,18.11,18.12,0.7169
2025-06-14 16:00:00,18.12,18.21,18.12,18.13,1.172
2025-06-14 17:00:00,18.13,18.14,18.1,18.12,0.2701
2025-06-14 18:00:00,18.12,18.11,18.04,18.11,1.012
2025-06-14 19:00:00,18.11,18.19,18.14,18.14,1.06
2025-06-14 20:00:00,18.14,18.15,18.06,18.14,1.191
2025-06-14 21:00:00,18.14,18.15,18.07,18.15,0.6655
2025-06-14 22:00:00,18.15,18.15,18.13,18.14,0.0764
2025-06-14 23:00:00,18.12,18.17,18.08,18.17,10.92
2025-06-15 00:00:00,18.14,18.12,18.07,18.12,0.5254
2025-06-15 01:00:00,18.12,18.16,18.14,18.15,0.7955
2025-06-15 02:00:00,18.15,18.16,18.14,18.15,0.1558
2025-06-15 03:00:00,18.15,18.15,18.14,18.15,0.0285
2025-06-15 04:00:00,18.15,18.13,18.13,18.13,0.1322
2025-06-15 05:00:00,18.13,18.15,18.04,18.14,0.8256
2025-06-15 06:00:00,18.14,18.26,18.16,18.17,0.6989
2025-06-15 07:00:00,18.17,18.17,18.12,18.15,0.5704
2025-06-15 08:00:00,18.15,18.19,18.15,18.15,0.318
2025-06-15 09:00:00,18.15,18.2,18.14,18.15,0.5014
2025-06-15 10:00:00,18.15,18.16,18.11,18.14,0.2332
2025-06-15 11:00:00,18.14,18.18,18.14,18.15,0.2306
2025-06-15 12:00:00,18.15,18.14,18.08,18.14,1.04
2025-06-15 13:00:00,18.14,18.15,18.1,18.13,0.6317
2025-06-15 14:00:00,18.13,18.16,18.09,18.15,0.7683
2025-06-15 15:00:00,18.15,18.18,18.13,18.14,0.3083
2025-06-15 16:00:00,18.14,18.14,18.11,18.12,0.5369
2025-06-15 17:00:00,18.12,18.16,18.1,18.15,0.3295
2025-06-15 18:00:00,18.15,18.18,18.15,18.15,0.2588
2025-06-15 19:00:00,18.15,18.19,18.13,18.14,0.5775
2025-06-15 20:00:00,18.14,18.24,18.16,18.16,0.7611
2025-06-15 21:00:00,18.16,18.17,18.12,18.16,0.7658
2025-06-15 22:00:00,18.16,18.15,18.08,18.15,0.751
2025-06-15 23:00:00,18.15,18.12,18.08,18.12,0.1872
2025-06-16 00:00:00,18.12,18.19,18.14,18.15,1.162
2025-06-16 01:00:00,18.15,18.14,18.02,18.14,1.004
2025-06-16 02:00:00,18.14,18.15,18.12,18.12,0.4477
2025-06-16 03:00:00,18.12,18.12,18.09,18.11,0.4287
2025-06-16 04:00:00,18.11,18.1,18.02,18.09,0.7767
2025-06-16 05:00:00,18.09,18.12,18.06,18.09,1.204
2025-06-16 06:00:00,18.09,18.1,18.04,18.04,1.158
2025-06-16 07:00:00,18.04,18.05,17.96,18.03,1.775
2025-06-16 08:00:00,18.03,18.03,18.0,18.03,0.6839
2025-06-16 09:00:00,18.03,18.07,18.0,18.01,0.9252
2025-06-16 10:00:00,18.01,18.05,17.96,17.98,1.479
2025-06-16 11:00:00,17.98,18.01,17.96,18.0,1.069
2025-06-16 12:00:00,18.0,18.03,18.0,18.0,0.9163
2025-06-16 13:00:00,18.0,17.96,17.87,17.96,1.593
2025-06-16 14:00:00,17.96,17.94,17.82,17.92,1.909
2025-06-16 15:00:00,17.92,18.02,17.93,17.93,2.38
2025-06-16 16:00:00,17.93,17.96,17.87,17.95,1.111
2025-06-16 17:00:00,17.95,17.98,17.93,17.93,1.099
2025-06-16 18:00:00,17.93,17.94,17.85,17.94,1.451
2025-06-16 19:00:00,17.94,17.99,17.88,17.95,3.217
2025-06-16 20:00:00,17.95,17.95,17.91,17.95,1.119
2025-06-16 21:00:00,17.95,17.99,17.94,17.97,0.8438
2025-06-16 22:00:00,17.97,18.16,17.93,17.97,2.276
2025-06-16 23:00:00,17.97,18.16,18.01,18.01,1.053
2025-06-17 00:00:00,18.01,18.01,17.85,18.0,1.742
2025-06-17 01:00:00,18.0,18.04,18.0,18.04,0.471
2025-06-17 02:00:00,18.04,18.03,17.9,18.03,1.595
2025-06-17 03:00:00,18.03,18.03,17.98,18.03,0.6947
2025-06-17 04:00:00,18.03,18.07,18.0,18.0,0.8357
2025-06-17 05:00:00,18.0,18.05,17.99,18.0,0.9551
2025-06-17 06:00:00,18.0,18.05,17.98,18.0,1.112
2025-06-17 07:00:00,18.0,18.03,17.97,17.98,1.034
2025-06-17 08:00:00,17.98,18.03,17.99,17.99,0.5438
2025-06-17 09:00:00,17.99,18.07,17.85,17.97,8.297
2025-06-17 10:00:00,17.97,18.0,17.91,17.94,3.753
2025-06-17 11:00:00,17.94,18.01,17.95,17.96,2.099
2025-06-17 12:00:00,17.96,18.03,17.98,18.0,1.297
2025-06-17 13:00:00,18.0,18.06,18.0,18.0,1.482
2025-06-17 14:00:00,18.0,18.17,18.06,18.09,1.076
2025-06-17 15:00:00,18.09,18.21,18.11,18.11,0.8973
2025-06-17 16:00:00,18.11,18.27,18.15,18.15,1.714
2025-06-17 17:00:00,18.15,18.22,18.06,18.19,2.457
2025-06-17 18:00:00,18.19,18.16,18.05,18.16,1.501
2025-06-17 19:00:00,18.16,18.29,18.11,18.19,2.386
2025-06-17 20:00:00,18.19,18.25,18.17,18.19,0.9992
2025-06-17 21:00:00,18.19,18.21,18.13,18.16,1.361
2025-06-17 22:00:00,18.16,18.24,18.17,18.17,0.6348
2025-06-17 23:00:00,18.17,18.18,18.12,18.18,0.184
2025-06-18 00:00:00,18.18,18.14,18.09,18.14,0.8105
2025-06-18 01:00:00,18.14,18.2,18.14,18.14,0.4084
2025-06-18 02:00:00,18.14,18.17,18.12,18.16,0.3751
2025-06-18 03:00:00,18.16,18.14,18.08,18.14,0.7339
2025-06-18 04:00:00,18.14,18.12,18.09,18.11,1.321
2025-06-18 05:00:00,18.11,18.15,18.11,18.13,1.268
2025-06-18 06:00:00,18.13,18.21,18.11,18.11,2.375
2025-06-18 07:00:00,18.11,18.16,18.09,18.16,1.504
2025-06-18 08:00:00,18.16,18.2,18.15,18.18,0.9145
2025-06-18 09:00:00,18.18,18.27,18.2,18.22,0.8152
2025-06-18 10:00:00,18.22,18.33,18.26,18.27,1.938
2025-06-18 11:00:00,18.27,18.24,18.16,18.24,1.773
2025-06-18 12:00:00,18.24,18.3,18.24,18.24,1.399
2025-06-18 13:00:00,18.24,18.28,18.1,18.22,3.399
2025-06-18 14:00:00,18.22,18.25,18.11,18.11,2.216
2025-06-18 15:00:00,18.11,18.12,18.02,18.09,1.522
2025-06-18 16:00:00,18.09,18.18,18.1,18.14,0.651
2025-06-18 17:00:00,18.14,18.15,18.02,18.12,1.695
2025-06-18 18:00:00,18.12,18.29,18.15,18.15,1.975
2025-06-18 19:00:00,18.15,18.25,18.1,18.16,2.652
2025-06-18 20:00:00,18.16,18.17,17.97,18.14,1.369
2025-06-18 21:00:00,18.14,18.15,18.03,18.12,1.701
2025-06-18 22:00:00,18.12,18.2,18.14,18.14,1.013
2025-06-18 23:00:00,18.14,18.15,18.12,18.13,0.3814
2025-06-19 00:00:00,18.13,18.19,18.12,18.17,0.6658
2025-06-19 01:00:00,18.17,18.23,18.16,18.18,0.3434
2025-06-19 02:00:00,18.18,18.22,18.14,18.2,0.4067
2025-06-19 03:00:00,18.2,18.17,18.13,18.17,1.046
2025-06-19 04:00:00,18.17,18.18,18.15,18.17,0.8128
2025-06-19 05:00:00,18.17,18.23,18.2,18.2,1.471
2025-06-19 06:00:00,18.2,18.25,18.23,18.23,1.965
2025-06-19 07:00:00,18.23,18.28,18.25,18.25,1.482
2025-06-19 08:00:00,18.25,18.27,18.21,18.21,1.873
2025-06-19 09:00:00,18.21,18.21,18.16,18.2,1.008
2025-06-19 10:00:00,18.2,18.21,18.18,18.19,0.5672
2025-06-19 11:00:00,18.19,18.24,18.2,18.23,2.014
2025-06-19 12:00:00,18.23,18.25,18.22,18.23,1.127
2025-06-19 13:00:00,18.23,18.32,18.22,18.23,0.9033
2025-06-19 14:00:00,18.23,18.3,18.24,18.24,1.213
2025-06-19 15:00:00,18.24,18.3,18.25,18.27,0.9601
2025-06-19 16:00:00,18.27,18.35,18.26,18.26,0.8323
2025-06-19 17:00:00,18.26,18.28,18.17,18.22,2.024
2025-06-19 18:00:00,18.22,18.24,18.2,18.2,0.5296
2025-06-19 19:00:00,18.2,18.23,18.18,18.18,0.9546
2025-06-19 20:00:00,18.18,18.21,18.18,18.2,0.3306
2025-06-19 21:00:00,18.2,18.22,18.19,18.21,0.809
2025-06-19 22:00:00,18.21,18.22,18.16,18.22,0.9815
2025-06-19 23:00:00,18.22,18.23,18.16,18.22,0.3452
2025-06-20 00:00:00,18.22,18.21,18.16,18.17,0.5328
2025-06-20 01:00:00,18.17,18.17,18.11,18.17,0.4124
2025-06-20 02:00:00,18.17,18.19,18.15,18.15,0.1937
2025-06-20 03:00:00,18.2,18.2,18.18,18.19,1347.83
2025-06-20 04:00:00,18.17,18.23,18.17,18.17,0.2918
2025-06-20 05:00:00,18.17,18.17,18.11,18.17,0.3419
2025-06-20 06:00:00,18.17,18.19,18.14,18.19,1.443
2025-06-20 07:00:00,18.19,18.14,17.99,18.14,3.041
2025-06-20 08:00:00,18.14,18.26,18.12,18.19,4.815
2025-06-20 09:00:00,18.19,18.23,18.16,18.2,1.673
2025-06-20 10:00:00,18.2,18.23,18.16,18.19,1.341
2025-06-20 11:00:00,18.19,18.2,18.16,18.18,1.734
2025-06-20 12:00:00,18.18,18.18,18.13,18.13,0.8896
2025-06-20 13:00:00,18.13,18.22,18.11,18.14,1.473
2025-06-20 14:00:00,18.14,18.47,18.19,18.19,1.99
2025-06-20 15:00:00,18.19,18.2,18.14,18.16,1.131
2025-06-20 16:00:00,18.16,18.28,18.17,18.18,2.245
2025-06-20 17:00:00,18.18,18.25,18.04,18.17,3.649
2025-06-20 18:00:00,18.17,18.23,18.17,18.2,1.457
2025-06-20 19:00:00,18.2,18.21,18.16,18.2,1.303
2025-06-20 20:00:00,18.2,18.21,18.12,18.19,0.6739
2025-06-20 21:00:00,18.19,18.22,18.18,18.22,0.5738
2025-06-20 22:00:00,18.22,18.29,18.21,18.21,0.8362
2025-06-20 23:00:00,18.21,18.22,18.18,18.21,0.2074
2025-06-21 00:00:00,18.21,18.23,18.21,18.21,6868.24
2025-06-21 01:00:00,18.2,18.18,18.14,18.18,0.2503
2025-06-21 02:00:00,18.18,18.19,18.18,18.19,0.2357
2025-06-21 03:00:00,18.19,18.22,18.19,18.22,0.4607
2025-06-21 04:00:00,18.22,18.24,18.21,18.22,0.4277
2025-06-21 05:00:00,18.22,18.24,18.21,18.23,0.8057
2025-06-21 06:00:00,18.23,18.22,18.19,18.22,0.8634
2025-06-21 07:00:00,18.22,18.24,18.22,18.24,0.6711
2025-06-21 08:00:00,18.24,18.18,18.17,18.18,0.6259
2025-06-21 09:00:00,18.18,18.22,18.18,18.22,0.4953
2025-06-21 10:00:00,18.22,18.23,18.19,18.2,0.7726
2025-06-21 11:00:00,18.2,18.21,18.19,18.21,0.1962
2025-06-21 12:00:00,18.21,18.23,18.2,18.21,0.4311
2025-06-21 13:00:00,18.21,18.27,18.21,18.21,0.5571
2025-06-21 14:00:00,18.21,18.23,18.18,18.19,0.6254
2025-06-21 15:00:00,18.19,18.22,18.16,18.21,0.4966
2025-06-21 16:00:00,18.21,18.23,18.2,18.22,0.3848
2025-06-21 17:00:00,18.22,18.27,18.2,18.2,0.4009
2025-06-21 18:00:00,18.2,18.33,18.24,18.25,1.682
2025-06-21 19:00:00,18.25,18.32,18.22,18.22,1.47
2025-06-21 20:00:00,18.22,18.22,18.12,18.21,0.8313
2025-06-21 21:00:00,18.21,18.45,18.21,18.24,4.721
2025-06-21 22:00:00,18.24,18.26,18.18,18.23,0.6232
2025-06-21 23:00:00,18.23,18.24,18.03,18.24,1.289
2025-06-22 00:00:00,18.24,18.3,18.08,18.2,1.338
2025-06-22 01:00:00,18.2,18.32,18.2,18.22,0.3719
2025-06-22 02:00:00,18.22,18.3,18.17,18.22,1.45
2025-06-22 03:00:00,18.22,18.25,18.18,18.22,0.48
2025-06-22 04:00:00,18.22,18.25,18.17,18.23,0.4342
2025-06-22 05:00:00,18.23,18.2,18.17,18.19,0.6539
2025-06-22 06:00:00,18.19,18.25,18.18,18.2,1.829
2025-06-22 07:00:00,18.2,18.26,18.18,18.19,0.5906
2025-06-22 08:00:00,18.19,18.18,18.13,18.18,0.7524
2025-06-22 09:00:00,18.18,18.27,18.08,18.15,3.67
2025-06-22 10:00:00,18.15,18.14,18.07,18.13,1.666
2025-06-22 11:00:00,18.13,18.14,18.04,18.12,5.72
2025-06-22 12:00:00,18.12,18.15,18.1,18.13,1.222
2025-06-22 13:00:00,18.13,18.47,18.1,18.19,6.218
2025-06-22 14:00:00,18.19,18.46,18.09,18.15,5.586
2025-06-22 15:00:00,18.15,18.36,18.21,18.21,2.272
2025-06-22 16:00:00,18.21,18.16,17.95,18.15,5.7
2025-06-22 17:00:00,18.15,18.34,18.17,18.2,3.528
2025-06-22 18:00:00,18.2,18.24,18.15,18.19,1.645
2025-06-22 19:00:00,18.19,18.3,18.18,18.19,1.86
2025-06-22 20:00:00,18.19,18.22,17.88,18.17,6.317
2025-06-22 21:00:00,18.17,18.27,18.2,18.25,2.05
2025-06-22 22:00:00,18.25,18.24,17.92,18.24,2.524
2025-06-22 23:00:00,18.24,18.26,18.2,18.22,0.8099
2025-06-23 00:00:00,18.22,18.36,18.2,18.28,1.867
2025-06-23 01:00:00,18.28,18.25,18.16,18.25,0.3672
2025-06-23 02:00:00,18.25,18.26,18.19,18.24,0.8846
2025-06-23 03:00:00,18.24,18.28,18.24,18.25,0.5361
2025-06-23 04:00:00,18.25,18.26,18.23,18.25,1.085
2025-06-23 05:00:00,18.25,18.25,18.15,18.25,1.853
2025-06-23 06:00:00,18.25,18.29,18.22,18.27,2.942
2025-06-23 07:00:00,18.27,18.29,18.21,18.22,2.35
2025-06-23 08:00:00,18.22,18.23,18.18,18.19,1.633
2025-06-23 09:00:00,18.19,18.25,18.18,18.2,1.305
2025-06-23 10:00:00,18.2,18.23,18.16,18.21,1.403
2025-06-23 11:00:00,18.21,18.28,18.21,18.23,2.123
2025-06-23 12:00:00,18.23,18.23,18.13,18.22,3.732
2025-06-23 13:00:00,18.22,18.22,17.99,18.22,4.362
2025-06-23 14:00:00,18.22,18.35,18.19,18.2,2.555
2025-06-23 15:00:00,18.2,18.3,18.13,18.18,2.92
2025-06-23 16:00:00,18.18,18.31,18.0,18.12,2.248
2025-06-23 17:00:00,18.12,18.09,17.79,18.02,2.65
2025-06-23 18:00:00,18.02,18.09,17.94,18.04,2.576
2025-06-23 19:00:00,18.04,18.07,17.96,18.05,1.835
2025-06-23 20:00:00,18.05,18.05,17.91,18.04,2.538
2025-06-23 21:00:00,18.04,18.11,18.01,18.07,4.308
2025-06-23 22:00:00,18.07,18.08,17.75,18.01,4.44
2025-06-23 23:00:00,18.01,18.07,17.96,18.03,1.585
2025-06-24 00:00:00,18.03,18.07,17.95,17.97,0.7147
2025-06-24 01:00:00,17.97,17.98,17.91,17.98,0.3347
2025-06-24 02:00:00,17.98,18.12,18.0,18.01,0.7238
2025-06-24 03:00:00,18.01,18.02,17.97,18.0,0.6638
2025-06-24 04:00:00,18.0,18.06,18.0,18.01,1.579
2025-06-24 05:00:00,18.01,18.0,17.91,18.0,2.983
2025-06-24 06:00:00,18.0,17.98,17.92,17.97,4.862
2025-06-24 07:00:00,17.97,18.09,17.95,17.96,2.426
2025-06-24 08:00:00,17.96,17.95,17.85,17.87,2.268
2025-06-24 09:00:00,17.87,17.92,17.83,17.87,1.281
2025-06-24 10:00:00,17.87,17.89,17.84,17.86,1.156
2025-06-24 11:00:00,17.86,17.91,17.86,17.88,1.403
2025-06-24 12:00:00,17.88,17.88,17.85,17.87,1.232
2025-06-24 13:00:00,17.87,17.93,17.85,17.88,3.324
2025-06-24 14:00:00,17.88,17.88,17.8,17.86,5.127
2025-06-24 15:00:00,17.86,17.97,17.9,17.91,1.471
2025-06-24 16:00:00,17.91,17.87,17.74,17.87,2.182
2025-06-24 17:00:00,17.87,17.93,17.83,17.87,1.685
2025-06-24 18:00:00,17.87,17.95,17.89,17.89,1.007
2025-06-24 19:00:00,17.89,17.87,17.82,17.86,0.8268
2025-06-24 20:00:00,17.86,17.88,17.79,17.88,2.668
2025-06-24 21:00:00,17.88,17.91,17.85,17.91,0.9588
2025-06-24 22:00:00,17.91,17.9,17.88,17.9,0.5182
2025-06-24 23:00:00,17.9,17.9,17.86,17.9,0.4126
2025-06-25 00:00:00,17.9,17.89,17.82,17.89,0.7883
2025-06-25 01:00:00,17.89,17.92,17.72,17.9,1.785
2025-06-25 02:00:00,17.9,17.92,17.85,17.91,1.035
2025-06-25 03:00:00,17.91,17.95,17.9,17.9,0.6714
2025-06-25 04:00:00,17.9,17.92,17.89,17.9,0.4233
2025-06-25 05:00:00,17.9,17.91,17.88,17.91,0.6181
2025-06-25 06:00:00,17.91,17.93,17.86,17.91,1.631
2025-06-25 07:00:00,17.91,17.9,17.81,17.86,3.837
2025-06-25 08:00:00,17.86,17.88,17.83,17.87,1.387
2025-06-25 09:00:00,17.87,17.93,17.87,17.9,1.67
2025-06-25 10:00:00,17.9,17.9,17.82,17.9,0.8546
2025-06-25 11:00:00,17.9,17.92,17.88,17.91,1.3
2025-06-25 12:00:00,17.91,17.94,17.9,17.94,1.545
2025-06-25 13:00:00,17.94,17.92,17.82,17.9,8.604
2025-06-25 14:00:00,17.9,17.98,17.87,17.9,2.971
2025-06-25 15:00:00,17.9,18.0,17.89,17.92,0.9884
2025-06-25 16:00:00,17.92,17.98,17.9,17.92,0.8568
2025-06-25 17:00:00,17.92,17.92,17.85,17.89,1.365
2025-06-25 18:00:00,17.89,17.91,17.87,17.89,0.6325
2025-06-25 19:00:00,17.89,17.91,17.83,17.9,1.589
2025-06-25 20:00:00,17.9,17.91,17.86,17.91,0.7853
2025-06-25 21:00:00,17.91,17.96,17.9,17.91,1.123
2025-06-25 22:00:00,17.91,17.95,17.91,17.91,0.3353
2025-06-25 23:00:00,17.91,17.92,17.87,17.88,2.066
2025-06-26 00:00:00,17.88,17.9,17.85,17.86,0.108
2025-06-26 01:00:00,17.86,17.87,17.77,17.84,1.189
2025-06-26 02:00:00,17.84,17.85,17.79,17.85,0.5936
2025-06-26 03:00:00,17.85,17.9,17.84,17.84,0.4801
2025-06-26 04:00:00,17.84,17.87,17.84,17.87,0.9246
2025-06-26 05:00:00,17.87,17.9,17.84,17.84,0.9347
2025-06-26 06:00:00,17.84,17.86,17.8,17.83,1.9
2025-06-26 07:00:00,17.83,17.84,17.79,17.79,1.805
2025-06-26 08:00:00,17.79,17.85,17.77,17.79,0.6732
2025-06-26 09:00:00,17.79,17.86,17.8,17.81,2.447
2025-06-26 10:00:00,17.81,17.81,17.79,17.8,1.234
2025-06-26 11:00:00,17.8,17.92,17.81,17.92,2.19
2025-06-26 12:00:00,17.92,17.97,17.88,17.88,2.004
2025-06-26 13:00:00,17.88,17.94,17.87,17.88,4.379
2025-06-26 14:00:00,17.88,17.94,17.79,17.91,2.181
2025-06-26 15:00:00,17.91,17.94,17.82,17.92,2.183
2025-06-26 16:00:00,17.92,17.96,17.9,17.93,1.225
2025-06-26 17:00:00,17.93,17.97,17.93,17.95,1.398
2025-06-26 18:00:00,17.95,18.01,17.91,17.99,2.075
2025-06-26 19:00:00,17.99,18.0,17.96,18.0,2.01
2025-06-26 20:00:00,18.0,17.99,17.94,17.98,1.672
2025-06-26 21:00:00,17.98,18.11,17.97,17.98,1.893
2025-06-26 22:00:00,17.98,18.02,17.98,17.99,0.5145
2025-06-26 23:00:00,17.99,18.01,17.98,17.99,0.3654
2025-06-27 00:00:00,17.99,18.06,18.02,18.02,0.5523
2025-06-27 01:00:00,18.02,18.0,17.91,17.98,0.9142
2025-06-27 02:00:00,17.98,17.99,17.96,17.98,0.703
2025-06-27 03:00:00,17.98,18.0,17.94,17.99,0.8231
2025-06-27 04:00:00,17.99,18.01,17.97,18.0,0.4533
2025-06-27 05:00:00,18.0,18.06,18.03,18.03,0.9631
2025-06-27 06:00:00,18.03,18.03,17.92,17.96,2.698
2025-06-27 07:00:00,17.96,18.1,17.99,18.01,1.89
2025-06-27 08:00:00,18.01,18.0,17.94,18.0,0.9902
2025-06-27 09:00:00,18.0,18.03,17.97,18.03,1.347
2025-06-27 10:00:00,18.03,18.05,18.01,18.03,1.49
2025-06-27 11:00:00,18.03,18.05,17.89,17.92,3.861
2025-06-27 12:00:00,17.92,18.02,17.93,17.93,1.628
2025-06-27 13:00:00,17.93,17.98,17.9,17.97,1.887
2025-06-27 14:00:00,17.97,18.04,17.95,17.95,2.206
2025-06-27 15:00:00,17.95,17.93,17.82,17.93,1.478
2025-06-27 16:00:00,17.93,17.98,17.9,17.95,1.611
2025-06-27 17:00:00,17.95,18.05,17.93,17.97,1.745
2025-06-27 18:00:00,17.97,18.03,17.93,17.97,1.194
2025-06-27 19:00:00,17.97,18.01,17.95,18.01,0.721
2025-06-27 20:00:00,18.01,17.98,17.94,17.97,1.003
2025-06-27 21:00:00,17.97,17.99,17.96,17.98,0.3549
2025-06-27 22:00:00,17.98,17.97,17.94,17.95,0.2289
2025-06-27 23:00:00,17.95,17.97,17.93,17.95,0.6298
2025-06-28 00:00:00,17.95,17.96,17.92,17.95,0.3396
2025-06-28 01:00:00,17.95,17.95,17.91,17.94,0.4682
2025-06-28 02:00:00,17.94,17.97,17.93,17.96,0.6824
2025-06-28 03:00:00,17.96,17.93,17.92,17.93,0.2124
2025-06-28 04:00:00,17.95,17.95,17.91,17.93,12257.36
2025-06-28 05:00:00,17.94,17.95,17.92,17.94,0.2981
2025-06-28 06:00:00,17.94,17.95,17.92,17.94,0.9298
2025-06-28 07:00:00,17.94,17.95,17.93,17.95,1.157
2025-06-28 08:00:00,17.95,17.97,17.93,17.94,1.727
2025-06-28 09:00:00,17.94,17.96,17.94,17.95,1.177
2025-06-28 10:00:00,17.95,17.96,17.95,17.95,0.3268
2025-06-28 11:00:00,17.95,17.94,17.94,17.94,0.3819
2025-06-28 12:00:00,17.94,17.94,17.93,17.93,0.4026
2025-06-28 13:00:00,17.93,17.98,17.96,17.96,0.3787
2025-06-28 14:00:00,17.96,17.94,17.94,17.94,0.5825
2025-06-28 15:00:00,17.94,17.96,17.9,17.96,0.5953
2025-06-28 16:00:00,17.96,17.98,17.94,17.95,0.729
2025-06-28 17:00:00,17.95,17.94,17.92,17.94,1.062
2025-06-28 18:00:00,17.94,17.97,17.95,17.95,0.7902
2025-06-28 19:00:00,17.95,17.97,17.96,17.96,0.3675
2025-06-28 20:00:00,17.96,17.97,17.96,17.97,0.2441
2025-06-28 21:00:00,17.97,17.95,17.92,17.94,0.2723
2025-06-28 22:00:00,17.95,17.96,17.95,17.95,5797.01
2025-06-28 23:00:00,17.94,17.96,17.93,17.95,0.4156
2025-06-29 00:00:00,17.95,17.95,17.92,17.95,0.1567
2025-06-29 01:00:00,17.95,17.97,17.96,17.96,0.2395
2025-06-29 02:00:00,17.96,17.96,17.94,17.96,0.1314
2025-06-29 03:00:00,17.96,17.98,17.97,17.97,0.119
2025-06-29 04:00:00,17.97,17.96,17.96,17.96,0.05769
2025-06-29 05:00:00,17.96,17.96,17.95,17.96,0.2081
2025-06-29 06:00:00,17.96,18.04,17.95,18.0,4.12
2025-06-29 07:00:00,18.0,17.99,17.99,17.99,0.7541
2025-06-29 08:00:00,17.99,17.97,17.94,17.96,1.945
2025-06-29 09:00:00,17.96,17.96,17.93,17.96,1.648
2025-06-29 10:00:00,17.96,17.95,17.92,17.95,2.376
2025-06-29 11:00:00,17.95,17.93,17.89,17.93,0.9004
2025-06-29 12:00:00,17.93,17.97,17.94,17.95,0.8425
2025-06-29 13:00:00,17.95,17.98,17.97,17.97,0.6767
2025-06-29 14:00:00,17.97,17.99,17.94,17.95,0.6575
2025-06-29 15:00:00,17.95,18.0,17.97,17.97,0.4382
2025-06-29 16:00:00,17.97,18.01,17.96,17.97,0.969
2025-06-29 17:00:00,17.97,17.98,17.96,17.96,0.4049
2025-06-29 18:00:00,17.96,17.96,17.94,17.96,0.5813
2025-06-29 19:00:00,17.96,18.0,17.98,17.98,0.79
2025-06-29 20:00:00,17.98,17.99,17.99,17.99,0.1395
2025-06-29 21:00:00,17.99,17.99,17.95,17.96,1.325
2025-06-29 22:00:00,17.96,17.95,17.87,17.94,1.595
2025-06-29 23:00:00,17.94,17.91,17.88,17.9,0.6018
2025-06-30 00:00:00,17.9,17.88,17.82,17.88,1.559
2025-06-30 01:00:00,17.88,17.92,17.9,17.9,0.6134
2025-06-30 02:00:00,17.9,17.91,17.9,17.91,0.3221
2025-06-30 03:00:00,17.91,17.92,17.9,17.91,0.5642
2025-06-30 04:00:00,17.91,17.95,17.9,17.91,0.5193
2025-06-30 05:00:00,17.91,17.92,17.89,17.91,1.469
2025-06-30 06:00:00,17.91,18.03,17.89,17.9,3.377
2025-06-30 07:00:00,17.9,17.92,17.88,17.91,1.501
2025-06-30 08:00:00,17.91,17.95,17.91,17.93,2.201
2025-06-30 09:00:00,17.93,17.96,17.92,17.92,1.275
2025-06-30 10:00:00,17.92,17.9,17.88,17.89,0.9736
2025-06-30 11:00:00,17.89,17.95,17.88,17.91,2.666
2025-06-30 12:00:00,17.91,17.96,17.91,17.92,0.8233
2025-06-30 13:00:00,17.92,17.96,17.91,17.91,1.644
2025-06-30 14:00:00,17.91,18.06,17.95,17.95,2.358
2025-06-30 15:00:00,17.95,17.93,17.78,17.89,2.754
2025-06-30 16:00:00,17.89,17.89,17.72,17.87,1.754
2025-06-30 17:00:00,17.87,17.94,17.88,17.91,0.8161
2025-06-30 18:00:00,17.91,17.95,17.88,17.88,0.6072
2025-06-30 19:00:00,17.88,17.86,17.8,17.86,2.378
2025-06-30 20:00:00,17.86,17.88,17.85,17.87,1.56
2025-06-30 21:00:00,17.87,17.95,17.88,17.88,1.335
2025-06-30 22:00:00,17.88,17.94,17.84,17.86,0.4661
2025-06-30 23:00:00,17.86,17.91,17.86,17.91,0.06839
2025-07-01 00:00:00,17.91,17.91,17.85,17.89,0.2661
2025-07-01 01:00:00,17.89,17.92,17.85,17.85,0.2865
2025-07-01 02:00:00,17.85,17.92,17.87,17.87,0.2087
2025-07-01 03:00:00,17.87,17.9,17.85,17.87,0.4486
2025-07-01 04:00:00,17.87,17.93,17.89,17.89,0.3941
2025-07-01 05:00:00,17.89,17.89,17.84,17.87,1.316
2025-07-01 06:00:00,17.87,17.87,17.82,17.84,3.393
2025-07-01 07:00:00,17.84,17.8,17.65,17.7,2.973
2025-07-01 08:00:00,17.7,17.8,17.76,17.77,1.719
2025-07-01 09:00:00,17.77,17.83,17.68,17.71,2.115
2025-07-01 10:00:00,17.71,17.78,17.72,17.76,1.935
2025-07-01 11:00:00,17.76,17.76,17.7,17.75,1.809
2025-07-01 12:00:00,17.75,17.78,17.75,17.76,0.6637
2025-07-01 13:00:00,17.76,17.76,17.69,17.76,1.214
2025-07-01 14:00:00,17.76,17.99,17.77,17.79,3.327
2025-07-01 15:00:00,17.79,17.83,17.75,17.82,0.9722
2025-07-01 16:00:00,17.82,17.84,17.78,17.84,1.074
2025-07-01 17:00:00,17.84,17.82,17.77,17.8,0.9524
2025-07-01 18:00:00,17.8,17.89,17.78,17.79,1.083
2025-07-01 19:00:00,17.79,17.86,17.77,17.78,2.928
2025-07-01 20:00:00,17.78,17.78,17.67,17.77,1.026
2025-07-01 21:00:00,17.77,17.8,17.76,17.78,0.4844
2025-07-01 22:00:00,17.78,17.81,17.79,17.8,0.5381
2025-07-01 23:00:00,17.8,17.79,17.74,17.77,0.1624
2025-07-02 00:00:00,17.77,17.82,17.77,17.77,0.2551
2025-07-02 01:00:00,17.84,17.78,17.52,17.78,18.23
2025-07-02 02:00:00,17.78,17.78,17.71,17.76,0.218
2025-07-02 03:00:00,17.76,17.76,17.71,17.76,0.4386
2025-07-02 04:00:00,17.76,17.75,17.72,17.74,0.5409
2025-07-02 05:00:00,17.74,17.75,17.69,17.75,0.9331
2025-07-02 06:00:00,17.75,17.77,17.68,17.77,1.953
2025-07-02 07:00:00,17.77,17.84,17.74,17.83,1.796
2025-07-02 08:00:00,17.83,17.81,17.71,17.81,2.04
2025-07-02 09:00:00,17.81,17.89,17.81,17.81,2.787
2025-07-02 10:00:00,17.81,17.79,17.76,17.78,1.09
2025-07-02 11:00:00,17.78,17.87,17.74,17.79,2.696
2025-07-02 12:00:00,17.79,17.83,17.75,17.8,1.472
2025-07-02 13:00:00,17.8,17.83,17.73,17.81,2.046
2025-07-02 14:00:00,17.81,17.78,17.72,17.77,1.915
2025-07-02 15:00:00,17.77,17.73,17.67,17.73,1.891
2025-07-02 16:00:00,17.73,17.72,17.61,17.66,5.023
2025-07-02 17:00:00,17.66,17.75,17.63,17.66,1.71
2025-07-02 18:00:00,17.66,17.66,17.55,17.66,2.773
2025-07-02 19:00:00,17.66,17.65,17.6,17.64,1.319
2025-07-02 20:00:00,17.64,17.73,17.65,17.66,0.713
2025-07-02 21:00:00,17.66,17.65,17.61,17.65,0.6061
2025-07-02 22:00:00,17.65,17.7,17.65,17.67,0.3414
2025-07-02 23:00:00,17.67,17.72,17.68,17.7,0.5648
2025-07-03 00:00:00,17.7,17.7,17.65,17.69,0.5222
2025-07-03 01:00:00,17.69,17.69,17.61,17.68,0.3869
2025-07-03 02:00:00,17.68,17.73,17.67,17.72,0.446
2025-07-03 03:00:00,17.72,17.75,17.7,17.72,0.8849
2025-07-03 04:00:00,17.72,17.75,17.69,17.74,0.9712
2025-07-03 05:00:00,17.74,17.69,17.62,17.68,1.498
2025-07-03 06:00:00,17.68,17.67,17.61,17.65,1.772
2025-07-03 07:00:00,17.65,17.68,17.64,17.66,1.29
2025-07-03 08:00:00,17.66,17.66,17.6,17.61,2.098
2025-07-03 09:00:00,17.61,17.63,17.5,17.63,3.88
2025-07-03 10:00:00,17.63,17.65,17.61,17.63,1.425
2025-07-03 11:00:00,17.63,17.67,17.64,17.66,0.9217
2025-07-03 12:00:00,17.66,17.8,17.69,17.73,6.057
2025-07-03 13:00:00,17.73,17.62,17.53,17.62,7.516
2025-07-03 14:00:00,17.62,17.71,17.61,17.64,5.239
2025-07-03 15:00:00,17.64,17.75,17.69,17.69,2.242
2025-07-03 16:00:00,17.69,17.75,17.66,17.71,2.793
2025-07-03 17:00:00,17.71,17.69,17.65,17.69,0.7555
2025-07-03 18:00:00,17.69,17.68,17.64,17.66,1.191
2025-07-03 19:00:00,17.66,17.66,17.64,17.66,2.063
2025-07-03 20:00:00,17.66,17.64,17.63,17.64,1.426
2025-07-03 21:00:00,17.64,17.68,17.66,17.67,0.78
2025-07-03 22:00:00,17.67,17.69,17.68,17.69,0.3522
2025-07-03 23:00:00,17.69,17.71,17.7,17.7,0.4182
2025-07-04 00:00:00,17.7,17.73,17.7,17.71,0.4733
2025-07-04 01:00:00,17.71,17.72,17.67,17.7,0.2375
2025-07-04 02:00:00,17.7,17.76,17.71,17.72,0.4267
2025-07-04 03:00:00,17.72,17.71,17.69,17.69,0.2483
2025-07-04 04:00:00,17.69,17.74,17.7,17.7,0.5245
2025-07-04 05:00:00,17.7,17.71,17.65,17.69,0.7497
2025-07-04 06:00:00,17.69,17.72,17.65,17.71,0.92
2025-07-04 07:00:00,17.71,17.8,17.75,17.77,1.035
2025-07-04 08:00:00,17.77,17.79,17.74,17.78,1.382
2025-07-04 09:00:00,17.78,17.78,17.74,17.78,1.345
2025-07-04 10:00:00,17.78,17.8,17.77,17.77,0.833
2025-07-04 11:00:00,17.77,17.8,17.77,17.78,1.55
2025-07-04 12:00:00,17.78,17.82,17.78,17.79,0.7778
2025-07-04 13:00:00,17.79,17.92,17.82,17.82,1.722
2025-07-04 14:00:00,17.82,17.84,17.77,17.8,3.021
2025-07-04 15:00:00,17.8,17.87,17.81,17.82,1.557
2025-07-04 16:00:00,17.82,17.83,17.78,17.83,0.6617
2025-07-04 17:00:00,17.83,17.83,17.78,17.83,0.8702
2025-07-04 18:00:00,17.83,17.89,17.78,17.83,3.612
2025-07-04 19:00:00,17.83,17.84,17.77,17.8,0.7107
2025-07-04 20:00:00,17.8,17.8,17.74,17.78,0.4241
2025-07-04 21:00:00,17.78,17.78,17.74,17.78,0.1442
2025-07-04 22:00:00,17.78,17.78,17.72,17.78,0.6001
2025-07-04 23:00:00,17.78,17.82,17.78,17.8,0.1256
2025-07-05 00:00:00,17.8,17.78,17.75,17.78,0.3518
2025-07-05 01:00:00,17.78,17.81,17.77,17.77,0.2243
2025-07-05 02:00:00,17.77,17.8,17.74,17.79,0.637
2025-07-05 03:00:00,17.79,17.82,17.77,17.8,1.383
2025-07-05 04:00:00,17.8,17.83,17.8,17.81,0.6005
2025-07-05 05:00:00,17.81,17.82,17.79,17.81,0.8459
2025-07-05 06:00:00,17.81,17.86,17.77,17.86,2.292
2025-07-05 07:00:00,17.86,17.9,17.83,17.83,1.192
2025-07-05 08:00:00,17.83,17.84,17.83,17.84,0.3701
2025-07-05 09:00:00,17.84,17.83,17.82,17.83,0.5168
2025-07-05 10:00:00,17.83,17.84,17.83,17.83,0.6963
2025-07-05 11:00:00,17.83,17.85,17.83,17.84,0.3762
2025-07-05 12:00:00,17.84,17.84,17.82,17.83,1.218
2025-07-05 13:00:00,17.83,17.86,17.8,17.81,2.234
2025-07-05 14:00:00,17.83,17.84,17.82,17.83,9785.99
2025-07-05 15:00:00,17.82,17.85,17.82,17.83,0.3216
2025-07-05 16:00:00,17.83,17.83,17.8,17.82,0.3064
2025-07-05 17:00:00,17.82,17.84,17.81,17.82,0.3023
2025-07-05 18:00:00,17.82,17.84,17.82,17.83,0.208
2025-07-05 19:00:00,17.83,17.83,17.79,17.83,0.4516
2025-07-05 20:00:00,17.83,17.83,17.81,17.82,0.2085
2025-07-05 21:00:00,17.82,17.82,17.82,17.82,0.09716
2025-07-05 22:00:00,17.82,17.81,17.8,17.81,0.1088
2025-07-05 23:00:00,17.81,17.81,17.8,17.8,0.03582
2025-07-06 00:00:00,17.8,17.8,17.79,17.8,0.09135
2025-07-06 01:00:00,17.8,17.8,17.79,17.8,0.09643
2025-07-06 02:00:00,17.8,17.82,17.81,17.82,0.1035
2025-07-06 03:00:00,17.82,17.82,17.81,17.81,0.07833
2025-07-06 04:00:00,17.81,17.82,17.8,17.82,2945.39
2025-07-06 05:00:00,17.82,17.82,17.8,17.8,4483.53
2025-07-06 06:00:00,17.81,17.81,17.78,17.8,0.3621
2025-07-06 07:00:00,17.8,17.82,17.82,17.82,0.2856
2025-07-06 08:00:00,17.82,17.83,17.81,17.82,0.2805
2025-07-06 09:00:00,17.82,17.85,17.82,17.82,0.3177
2025-07-06 10:00:00,17.82,17.83,17.79,17.81,0.5298
2025-07-06 11:00:00,17.81,17.81,17.79,17.8,0.4116
2025-07-06 12:00:00,17.8,17.79,17.77,17.77,0.3311
2025-07-06 13:00:00,17.77,17.81,17.68,17.79,2.515
2025-07-06 14:00:00,17.79,17.79,17.75,17.76,0.7667
2025-07-06 15:00:00,17.76,17.79,17.75,17.79,0.6565
2025-07-06 16:00:00,17.79,17.8,17.78,17.79,0.6555
2025-07-06 17:00:00,17.79,17.79,17.77,17.78,0.692
2025-07-06 18:00:00,17.78,17.86,17.78,17.8,0.5212
2025-07-06 19:00:00,17.8,17.8,17.77,17.78,0.423
2025-07-06 20:00:00,17.78,17.81,17.74,17.8,0.9096
2025-07-06 21:00:00,17.8,17.8,17.69,17.75,5.44
2025-07-06 22:00:00,17.75,17.79,17.74,17.76,1.158
2025-07-06 23:00:00,17.76,17.76,17.72,17.75,0.3875
2025-07-07 00:00:00,17.75,17.82,17.77,17.77,0.3042
2025-07-07 01:00:00,17.77,17.77,17.73,17.77,0.2079
2025-07-07 02:00:00,17.77,17.79,17.71,17.79,1.179
2025-07-07 03:00:00,17.79,17.85,17.79,17.83,2.4
2025-07-07 04:00:00,17.83,17.88,17.84,17.84,0.459
2025-07-07 05:00:00,17.84,17.87,17.84,17.85,0.4062
2025-07-07 06:00:00,17.85,17.94,17.88,17.88,2.281
2025-07-07 07:00:00,17.88,17.91,17.83,17.91,1.823
2025-07-07 08:00:00,17.91,17.93,17.9,17.93,1.46
2025-07-07 09:00:00,17.93,17.96,17.92,17.92,3.006
2025-07-07 10:00:00,17.92,17.95,17.91,17.93,1.253
2025-07-07 11:00:00,17.93,17.94,17.92,17.94,0.6577
2025-07-07 12:00:00,17.94,17.99,17.93,17.95,1.519
2025-07-07 13:00:00,17.95,17.92,17.85,17.91,3.234
2025-07-07 14:00:00,17.91,17.97,17.88,17.92,3.791
2025-07-07 15:00:00,17.92,17.96,17.89,17.91,1.23
2025-07-07 16:00:00,17.91,17.99,17.91,17.94,2.326
2025-07-07 17:00:00,17.94,18.01,17.93,17.94,1.518
2025-07-07 18:00:00,17.94,17.99,17.92,17.99,2.77
2025-07-07 19:00:00,17.99,18.02,17.98,18.01,3.423
2025-07-07 20:00:00,18.01,18.04,17.94,18.0,3.314
2025-07-07 21:00:00,18.0,17.98,17.94,17.97,1.384
2025-07-07 22:00:00,17.97,18.01,17.97,17.98,0.7778
2025-07-07 23:00:00,17.98,17.97,17.94,17.97,0.5945
2025-07-08 00:00:00,17.97,18.0,17.97,17.99,1.665
2025-07-08 01:00:00,17.99,18.09,18.01,18.01,0.6172
2025-07-08 02:00:00,18.01,18.01,17.96,17.97,0.6236
2025-07-08 03:00:00,17.97,17.99,17.95,17.98,0.5637
2025-07-08 04:00:00,17.98,17.96,17.94,17.95,0.5735
2025-07-08 05:00:00,17.95,17.95,17.92,17.95,0.8601
2025-07-08 06:00:00,17.95,17.96,17.93,17.94,2.171
2025-07-08 07:00:00,17.94,17.91,17.89,17.9,1.957
2025-07-08 08:00:00,17.9,17.96,17.94,17.95,1.495
2025-07-08 09:00:00,17.95,17.93,17.9,17.93,1.404
2025-07-08 10:00:00,17.93,17.94,17.87,17.94,1.369
2025-07-08 11:00:00,17.94,17.97,17.94,17.96,1.689
2025-07-08 12:00:00,17.96,17.94,17.91,17.92,1.323
2025-07-08 13:00:00,17.92,17.94,17.89,17.94,1.818
2025-07-08 14:00:00,17.94,18.05,17.99,17.99,2.148
2025-07-08 15:00:00,17.99,18.03,17.99,18.0,1.452
2025-07-08 16:00:00,18.0,18.02,17.95,18.0,1.291
2025-07-08 17:00:00,17.98,18.02,17.7,18.02,77.27
2025-07-08 18:00:00,17.96,17.94,17.89,17.93,0.4428
2025-07-08 19:00:00,17.93,18.0,17.91,17.94,0.3732
2025-07-08 20:00:00,17.94,17.99,17.93,17.95,0.1762
2025-07-08 21:00:00,17.95,17.95,17.9,17.93,0.5019
2025-07-08 22:00:00,17.93,17.95,17.92,17.94,0.08094
2025-07-08 23:00:00,17.94,17.95,17.93,17.95,0.3651
2025-07-09 00:00:00,17.93,17.95,17.91,17.91,6.158
2025-07-09 01:00:00,17.94,18.0,17.93,17.93,0.3717
2025-07-09 02:00:00,17.93,17.98,17.95,17.95,0.5916
2025-07-09 03:00:00,17.95,18.01,17.96,17.96,0.4948
2025-07-09 04:00:00,17.96,17.97,17.93,17.96,0.4739
2025-07-09 05:00:00,17.91,18.03,17.74,17.94,22.8
2025-07-09 06:00:00,17.95,17.96,17.91,17.95,0.8009
2025-07-09 07:00:00,17.95,17.98,17.95,17.98,1.319
2025-07-09 08:00:00,17.98,18.0,17.98,17.99,1.257
2025-07-09 09:00:00,17.99,17.98,17.95,17.95,1.009
2025-07-09 10:00:00,17.95,17.96,17.91,17.96,2.796
2025-07-09 11:00:00,17.96,17.96,17.92,17.95,1.554
2025-07-09 12:00:00,17.95,17.97,17.9,17.93,4.454
2025-07-09 13:00:00,17.93,17.99,17.92,17.92,4.54
2025-07-09 14:00:00,17.92,18.0,17.88,17.91,1.996
2025-07-09 15:00:00,17.91,17.91,17.88,17.89,1.847
2025-07-09 16:00:00,17.89,17.91,17.84,17.9,1.316
2025-07-09 17:00:00,17.9,17.95,17.9,17.91,0.8826
2025-07-09 18:00:00,17.92,17.92,17.55,17.85,45.93
2025-07-09 19:00:00,17.92,17.88,17.56,17.86,6.043
2025-07-09 20:00:00,17.86,18.05,17.8,17.92,6.81
2025-07-09 21:00:00,17.92,17.99,17.89,17.92,2.783
2025-07-09 22:00:00,17.92,17.89,17.83,17.88,1.416
2025-07-09 23:00:00,17.88,17.91,17.89,17.89,1.06
2025-07-10 00:00:00,17.89,17.94,17.91,17.91,0.5947
2025-07-10 01:00:00,17.91,17.89,17.85,17.88,0.8443
2025-07-10 02:00:00,17.88,17.92,17.88,17.88,1.242
2025-07-10 03:00:00,17.88,17.91,17.89,17.9,0.8549
2025-07-10 04:00:00,17.88,17.89,17.88,17.88,31568.98
2025-07-10 05:00:00,17.89,17.9,17.87,17.88,1.252
2025-07-10 06:00:00,17.88,17.87,17.8,17.86,3.057
2025-07-10 07:00:00,17.86,17.88,17.85,17.86,2.042
2025-07-10 08:00:00,17.86,17.92,17.84,17.88,3.645
2025-07-10 09:00:00,17.88,17.92,17.82,17.83,4.992
2025-07-10 10:00:00,17.83,17.86,17.82,17.86,1.846
2025-07-10 11:00:00,17.86,17.89,17.86,17.89,1.071
2025-07-10 12:00:00,17.89,17.92,17.9,17.9,1.93
2025-07-10 13:00:00,17.9,17.93,17.88,17.89,4.402
2025-07-10 14:00:00,17.89,17.86,17.81,17.86,3.576
2025-07-10 15:00:00,17.86,17.85,17.83,17.85,3.933
2025-07-10 16:00:00,17.85,17.8,17.65,17.8,8.394
2025-07-10 17:00:00,17.8,17.71,17.6,17.71,3.256
2025-07-10 18:00:00,17.71,17.8,17.72,17.76,3.627
2025-07-10 19:00:00,17.76,17.82,17.74,17.75,2.661
2025-07-10 20:00:00,17.75,17.72,17.72,17.72,1.169
2025-07-10 21:00:00,17.72,17.49,17.27,17.49,6.668
2025-07-10 22:00:00,17.49,17.57,17.5,17.52,1.846
2025-07-10 23:00:00,17.52,17.52,17.51,17.52,1.612
2025-07-11 00:00:00,17.52,17.61,17.58,17.6,2.799
2025-07-11 01:00:00,17.6,17.59,17.54,17.59,1.885
2025-07-11 02:00:00,17.59,17.49,17.44,17.47,3.125
2025-07-11 03:00:00,17.47,17.43,17.3,17.39,2.392
2025-07-11 04:00:00,17.39,17.43,17.35,17.43,2.372
2025-07-11 05:00:00,17.43,17.36,17.07,17.36,5.061
2025-07-11 06:00:00,17.36,17.76,17.38,17.7,10.41
2025-07-11 07:00:00,17.7,17.86,17.71,17.8,13.84
2025-07-11 08:00:00,17.8,17.9,17.74,17.9,5.13
2025-07-11 09:00:00,17.9,17.93,17.79,17.91,5.481
2025-07-11 10:00:00,17.91,17.99,17.8,17.9,14.3
2025-07-11 11:00:00,17.9,17.94,17.87,17.91,5.639
2025-07-11 12:00:00,17.91,17.97,17.91,17.95,4.238
2025-07-11 13:00:00,17.95,17.97,17.87,17.97,4.608
2025-07-11 14:00:00,17.97,18.02,17.88,17.94,6.029
2025-07-11 15:00:00,17.94,18.12,17.78,17.88,8.849
2025-07-11 16:00:00,17.88,17.8,17.38,17.48,10.8
2025-07-11 17:00:00,17.48,17.47,17.42,17.45,3.184
2025-07-11 18:00:00,17.45,17.56,17.44,17.56,3.233
2025-07-11 19:00:00,17.56,17.83,17.5,17.67,2.96
2025-07-11 20:00:00,17.67,17.91,17.74,17.91,4.0
2025-07-11 21:00:00,17.91,17.91,17.91,17.91,1.245
2025-07-11 22:00:00,17.91,17.91,17.89,17.9,1.322
2025-07-11 23:00:00,17.9,17.92,17.9,17.9,0.3245
2025-07-12 00:00:00,17.9,17.93,17.92,17.92,1.07
2025-07-12 01:00:00,17.92,17.94,17.88,17.94,0.4212
2025-07-12 02:00:00,17.94,17.94,17.89,17.91,0.5392
2025-07-12 03:00:00,17.91,17.91,17.87,17.87,0.09827
2025-07-12 04:00:00,17.87,17.9,17.88,17.89,0.3805
2025-07-12 05:00:00,17.89,17.9,17.87,17.88,0.7087
2025-07-12 06:00:00,17.88,17.91,17.86,17.9,1.136
2025-07-12 07:00:00,17.9,17.94,17.91,17.92,2.127
2025-07-12 08:00:00,17.92,17.93,17.89,17.93,0.9301
2025-07-12 09:00:00,17.93,17.9,17.86,17.89,1.169
2025-07-12 10:00:00,17.89,17.9,17.87,17.89,0.4415
2025-07-12 11:00:00,17.89,17.94,17.9,17.93,1.694
2025-07-12 12:00:00,17.93,17.98,17.95,17.96,1.919
2025-07-12 13:00:00,17.96,17.98,17.95,17.98,1.294
2025-07-12 14:00:00,17.98,18.02,17.98,18.01,1.44
2025-07-12 15:00:00,18.01,18.06,17.97,17.97,1.676
2025-07-12 16:00:00,17.97,17.98,17.96,17.96,0.7519
2025-07-12 17:00:00,17.96,17.96,17.92,17.95,0.5033
2025-07-12 18:00:00,17.95,17.95,17.92,17.95,0.5267
2025-07-12 19:00:00,17.95,17.97,17.92,17.92,0.1867
2025-07-12 20:00:00,17.92,18.03,17.97,17.98,0.7351
2025-07-12 21:00:00,17.98,17.95,17.9,17.94,0.2197
2025-07-12 22:00:00,17.94,17.97,17.94,17.94,0.139
2025-07-12 23:00:00,17.92,17.97,17.89,17.97,5.603
2025-07-13 00:00:00,17.95,17.98,17.95,17.98,0.08271
2025-07-13 01:00:00,17.98,17.95,17.92,17.93,0.0818
2025-07-13 02:00:00,17.96,17.99,17.88,17.99,7.597
2025-07-13 03:00:00,17.96,17.95,17.92,17.94,0.2352
2025-07-13 04:00:00,17.94,17.94,17.88,17.94,1.185
2025-07-13 05:00:00,17.94,17.95,17.91,17.94,1.49
2025-07-13 06:00:00,17.94,17.95,17.87,17.95,1.035
2025-07-13 07:00:00,17.95,17.95,17.91,17.91,0.7565
2025-07-13 08:00:00,17.91,17.97,17.93,17.95,0.716
2025-07-13 09:00:00,17.95,18.0,17.95,17.95,0.6835
2025-07-13 10:00:00,17.95,17.99,17.94,17.97,0.5499
2025-07-13 11:00:00,17.97,17.93,17.92,17.93,0.5707
2025-07-13 12:00:00,17.93,17.92,17.88,17.92,1.64
2025-07-13 13:00:00,17.92,17.91,17.84,17.89,2.074
2025-07-13 14:00:00,17.89,17.98,17.86,17.9,3.273
2025-07-13 15:00:00,17.9,17.97,17.91,17.94,2.126
2025-07-13 16:00:00,17.94,17.96,17.94,17.95,1.522
2025-07-13 17:00:00,17.95,17.93,17.9,17.92,1.097
2025-07-13 18:00:00,17.92,17.94,17.87,17.93,3.487
2025-07-13 19:00:00,17.93,17.98,17.93,17.97,4.202
2025-07-13 20:00:00,17.97,17.96,17.95,17.96,1.492
2025-07-13 21:00:00,17.96,18.03,17.94,17.96,1.51
2025-07-13 22:00:00,17.96,18.01,17.95,18.0,1.527
2025-07-13 23:00:00,18.0,17.97,17.91,17.97,0.5634
2025-07-14 00:00:00,17.97,18.01,17.97,18.01,1.417
2025-07-14 01:00:00,18.01,18.0,17.96,17.99,0.2983
2025-07-14 02:00:00,17.99,17.96,17.91,17.96,1.396
2025-07-14 03:00:00,17.96,17.84,17.78,17.83,1.63
2025-07-14 04:00:00,17.83,17.95,17.72,17.91,2.725
2025-07-14 05:00:00,17.91,17.93,17.75,17.93,4.987
2025-07-14 06:00:00,17.93,18.01,17.89,17.94,4.617
2025-07-14 07:00:00,17.94,18.01,17.85,17.93,5.359
2025-07-14 08:00:00,17.93,18.01,17.87,17.98,5.058
2025-07-14 09:00:00,17.98,18.1,17.99,17.99,5.823
2025-07-14 10:00:00,17.99,18.0,17.97,17.99,3.713
2025-07-14 11:00:00,17.99,18.07,17.99,18.0,10.18
2025-07-14 12:00:00,18.0,18.02,17.94,18.01,3.249
2025-07-14 13:00:00,18.01,18.1,17.97,18.05,5.747
2025-07-14 14:00:00,18.05,18.17,17.97,18.0,5.007
2025-07-14 15:00:00,18.0,18.2,18.02,18.03,2.24
2025-07-14 16:00:00,18.03,18.01,17.91,18.01,4.243
2025-07-14 17:00:00,18.01,18.12,18.02,18.03,1.919
2025-07-14 18:00:00,18.03,18.11,18.04,18.04,2.188
2025-07-14 19:00:00,18.04,18.07,17.99,18.03,3.052
2025-07-14 20:00:00,18.03,18.05,17.97,18.05,3.179
2025-07-14 21:00:00,18.05,18.07,18.01,18.06,1.529
2025-07-14 22:00:00,18.06,18.06,18.01,18.03,1.077
2025-07-14 23:00:00,18.03,18.06,18.02,18.02,0.3576
2025-07-15 00:00:00,18.02,18.09,18.0,18.02,1.829
2025-07-15 01:00:00,18.02,18.18,17.93,17.93,5.906
2025-07-15 02:00:00,17.93,18.09,17.94,18.03,2.598
2025-07-15 03:00:00,18.03,18.18,18.02,18.05,4.708
2025-07-15 04:00:00,18.05,18.05,17.92,18.05,3.643
2025-07-15 05:00:00,18.05,18.1,17.99,18.04,3.411
2025-07-15 06:00:00,18.04,18.08,17.86,17.97,6.607
2025-07-15 07:00:00,17.97,18.04,17.92,17.95,3.683
2025-07-15 08:00:00,17.95,17.95,17.91,17.93,3.732
2025-07-15 09:00:00,17.93,17.98,17.92,17.94,4.292
2025-07-15 10:00:00,17.94,17.94,17.88,17.93,2.374
2025-07-15 11:00:00,17.93,17.93,17.85,17.91,3.754
2025-07-15 12:00:00,17.91,17.94,17.84,17.9,5.379
2025-07-15 13:00:00,17.9,18.03,17.76,18.0,9.074
2025-07-15 14:00:00,18.0,18.36,18.0,18.02,3.744
2025-07-15 15:00:00,18.02,18.08,17.93,18.06,3.564
2025-07-15 16:00:00,18.06,18.11,17.92,18.08,6.464
2025-07-15 17:00:00,18.08,18.07,17.94,18.02,4.729
2025-07-15 18:00:00,18.02,18.12,17.89,17.95,1.911
2025-07-15 19:00:00,17.95,18.08,17.96,17.99,2.5
2025-07-15 20:00:00,17.99,17.99,17.95,17.97,1.405
2025-07-15 21:00:00,17.97,17.93,17.78,17.93,1.716
2025-07-15 22:00:00,17.93,17.94,17.87,17.94,0.8744
2025-07-15 23:00:00,17.94,17.96,17.93,17.93,1.224
2025-07-16 00:00:00,17.93,17.92,17.87,17.91,1.26
2025-07-16 01:00:00,17.91,17.98,17.91,17.92,0.9349
2025-07-16 02:00:00,17.92,17.98,17.92,17.93,0.6979
2025-07-16 03:00:00,17.93,17.95,17.91,17.94,1.085
2025-07-16 04:00:00,17.94,17.94,17.9,17.93,0.4756
2025-07-16 05:00:00,17.93,17.98,17.89,17.97,4.132
2025-07-16 06:00:00,17.97,17.97,17.9,17.97,1.845
2025-07-16 07:00:00,17.97,18.03,17.97,18.03,1.859
2025-07-16 08:00:00,18.03,18.02,17.94,18.02,2.52
2025-07-16 09:00:00,18.02,18.02,17.95,18.0,3.36
2025-07-16 10:00:00,18.0,18.08,18.0,18.0,1.569
2025-07-16 11:00:00,18.0,18.05,17.97,18.03,3.064
2025-07-16 12:00:00,18.03,18.08,18.03,18.03,3.732
2025-07-16 13:00:00,18.03,18.03,17.96,18.02,3.765
2025-07-16 14:00:00,18.02,17.97,17.9,17.97,4.505
2025-07-16 15:00:00,17.97,18.03,17.84,17.94,9.288
2025-07-16 16:00:00,17.94,17.93,17.84,17.91,4.512
2025-07-16 17:00:00,17.91,17.97,17.9,17.9,3.817
2025-07-16 18:00:00,17.9,17.93,17.81,17.91,5.444
2025-07-16 19:00:00,17.91,17.97,17.89,17.92,2.953
2025-07-16 20:00:00,17.92,17.9,17.8,17.87,1.358
2025-07-16 21:00:00,17.87,18.0,17.94,17.94,1.225
2025-07-16 22:00:00,17.94,18.07,17.92,17.94,1.595
2025-07-16 23:00:00,17.94,17.99,17.91,17.97,2.416
2025-07-17 00:00:00,17.97,17.98,17.91,17.97,0.8113
2025-07-17 01:00:00,17.97,18.09,17.92,17.93,0.5014
2025-07-17 02:00:00,17.93,17.97,17.9,17.93,0.365
2025-07-17 03:00:00,17.93,17.99,17.9,17.93,0.5649
2025-07-17 04:00:00,17.93,17.93,17.87,17.92,1.115
2025-07-17 05:00:00,17.92,17.94,17.78,17.92,3.509
2025-07-17 06:00:00,17.92,18.02,17.9,18.01,3.613
2025-07-17 07:00:00,18.01,18.1,18.0,18.09,3.049
2025-07-17 08:00:00,18.09,18.09,17.96,18.03,8.204
2025-07-17 09:00:00,18.03,18.09,17.95,18.02,4.537
2025-07-17 10:00:00,18.02,18.09,18.01,18.02,2.307
2025-07-17 11:00:00,18.02,18.08,18.02,18.02,2.011
2025-07-17 12:00:00,18.02,18.07,17.97,18.03,2.077
2025-07-17 13:00:00,18.03,18.02,17.91,18.02,1.889
2025-07-17 14:00:00,18.02,17.97,17.84,17.97,2.229
2025-07-17 15:00:00,17.97,17.96,17.86,17.93,3.949
2025-07-17 16:00:00,17.93,18.0,17.92,17.94,3.901
2025-07-17 17:00:00,17.94,17.96,17.83,17.96,2.179
2025-07-17 18:00:00,17.96,17.96,17.91,17.94,5.04
2025-07-17 19:00:00,17.94,18.06,17.93,17.94,4.147
2025-07-17 20:00:00,17.94,17.95,17.82,17.91,1.712
2025-07-17 21:00:00,17.91,18.0,17.78,17.92,6.421
2025-07-17 22:00:00,17.92,18.03,17.87,17.88,3.946
2025-07-17 23:00:00,17.88,17.99,17.86,17.88,1.252
2025-07-18 00:00:00,17.88,17.8,17.76,17.77,1.994
2025-07-18 01:00:00,17.77,17.81,17.67,17.76,3.454
2025-07-18 02:00:00,17.76,17.83,17.73,17.79,1.888
2025-07-18 03:00:00,17.79,17.78,17.73,17.78,1.915
2025-07-18 04:00:00,17.78,17.75,17.58,17.71,6.796
2025-07-18 05:00:00,17.71,17.69,17.6,17.69,3.737
2025-07-18 06:00:00,17.69,17.86,17.74,17.84,8.165
2025-07-18 07:00:00,17.84,17.97,17.81,17.81,6.92
2025-07-18 08:00:00,17.81,17.95,17.77,17.78,7.289
2025-07-18 09:00:00,17.78,17.79,17.71,17.76,6.24
2025-07-18 10:00:00,17.76,17.8,17.7,17.8,3.847
2025-07-18 11:00:00,17.8,17.83,17.79,17.83,4.878
2025-07-18 12:00:00,17.83,17.84,17.77,17.84,4.096
2025-07-18 13:00:00,17.84,17.94,17.79,17.82,1.907
2025-07-18 14:00:00,17.82,18.0,17.76,17.86,5.369
2025-07-18 15:00:00,17.86,17.92,17.81,17.85,4.371
2025-07-18 16:00:00,17.82,17.93,17.77,17.9,29.46
2025-07-18 17:00:00,17.9,17.98,17.75,17.87,30.37
2025-07-18 18:00:00,17.92,17.97,17.86,17.91,3.451
2025-07-18 19:00:00,17.91,17.95,17.84,17.86,1.108
2025-07-18 20:00:00,17.86,17.9,17.79,17.9,2.647
2025-07-18 21:00:00,17.89,17.93,17.7,17.93,22.47
2025-07-18 22:00:00,17.86,17.92,17.83,17.86,0.8375
2025-07-18 23:00:00,17.86,17.89,17.81,17.86,0.6593
2025-07-19 00:00:00,17.9,18.08,17.95,17.95,12.28
2025-07-19 01:00:00,17.95,17.88,17.72,17.88,12.87
2025-07-19 02:00:00,17.88,17.86,17.73,17.86,6.409
2025-07-19 03:00:00,17.86,17.91,17.75,17.86,24.27
2025-07-19 04:00:00,17.91,17.91,17.86,17.87,28184.06
2025-07-19 05:00:00,17.88,17.91,17.86,17.86,0.5521
2025-07-19 06:00:00,17.86,17.9,17.84,17.88,1.004
2025-07-19 07:00:00,17.88,17.88,17.85,17.87,1.81
2025-07-19 08:00:00,17.87,17.88,17.83,17.88,1.303
2025-07-19 09:00:00,17.88,17.88,17.84,17.88,1.047
2025-07-19 10:00:00,17.88,17.87,17.82,17.86,0.9126
2025-07-19 11:00:00,17.86,17.9,17.87,17.87,1.152
2025-07-19 12:00:00,17.87,17.88,17.85,17.87,1.644
2025-07-19 13:00:00,17.87,17.88,17.86,17.86,0.489
2025-07-19 14:00:00,17.86,17.94,17.84,17.86,4.596
2025-07-19 15:00:00,17.86,17.88,17.79,17.86,2.118
2025-07-19 16:00:00,17.86,17.87,17.67,17.81,8.771
2025-07-19 17:00:00,17.81,17.84,15.31,15.44,44.0
2025-07-19 18:00:00,15.44,17.57,14.09,17.39,18.6
2025-07-19 19:00:00,17.39,17.37,17.32,17.32,1.101
2025-07-19 20:00:00,17.32,17.37,17.03,17.03,1.521
2025-07-19 21:00:00,17.03,17.03,15.48,16.57,8.656
2025-07-19 22:00:00,16.57,16.66,16.52,16.66,1.538
2025-07-19 23:00:00,16.66,16.72,16.63,16.72,0.3737
2025-07-20 00:00:00,16.72,16.79,16.7,16.79,0.4357
2025-07-20 01:00:00,16.79,16.8,16.75,16.76,0.2874
2025-07-20 02:00:00,16.76,16.82,16.76,16.82,0.1534
2025-07-20 03:00:00,16.82,16.87,16.78,16.86,0.7102
2025-07-20 04:00:00,16.86,17.06,16.85,17.03,0.8139
2025-07-20 05:00:00,17.03,17.39,17.05,17.27,3.858
2025-07-20 06:00:00,17.27,17.55,17.27,17.55,2.236
2025-07-20 07:00:00,17.55,17.52,17.36,17.52,2.405
2025-07-20 08:00:00,17.52,17.51,17.38,17.5,1.067
2025-07-20 09:00:00,17.5,17.53,17.42,17.46,1.292
2025-07-20 10:00:00,17.46,17.51,17.47,17.48,0.6105
2025-07-20 11:00:00,17.48,17.55,17.48,17.52,1.299
2025-07-20 12:00:00,17.52,17.53,17.45,17.53,2.036
2025-07-20 13:00:00,17.53,17.48,17.41,17.48,0.7072
2025-07-20 14:00:00,17.48,17.47,17.43,17.44,1.38
2025-07-20 15:00:00,17.44,17.44,17.4,17.44,1.51
2025-07-20 16:00:00,17.44,17.47,17.42,17.42,2.283
2025-07-20 17:00:00,17.42,17.51,17.47,17.47,1.672
2025-07-20 18:00:00,17.47,17.49,17.42,17.48,0.9563
2025-07-20 19:00:00,17.48,17.52,17.47,17.48,0.8826
2025-07-20 20:00:00,17.48,17.52,17.48,17.51,0.7224
2025-07-20 21:00:00,17.51,17.54,17.48,17.5,0.6741
2025-07-20 22:00:00,17.5,17.58,17.37,17.49,1.612
2025-07-20 23:00:00,17.49,17.53,17.43,17.43,0.1308
2025-07-21 00:00:00,17.43,17.52,17.38,17.42,0.4362
2025-07-21 01:00:00,17.42,17.44,17.39,17.43,0.7006
2025-07-21 02:00:00,17.43,17.38,17.3,17.38,0.3126
2025-07-21 03:00:00,17.38,17.48,17.29,17.4,1.26
2025-07-21 04:00:00,17.4,17.57,17.36,17.5,1.434
2025-07-21 05:00:00,17.5,17.56,17.46,17.55,0.8538
2025-07-21 06:00:00,17.55,17.77,17.41,17.74,8.782
2025-07-21 07:00:00,17.74,17.84,17.69,17.84,3.517
2025-07-21 08:00:00,17.84,17.89,17.78,17.81,1.92
2025-07-21 09:00:00,17.81,17.9,17.75,17.84,2.574
2025-07-21 10:00:00,17.84,17.91,17.74,17.83,3.632
2025-07-21 11:00:00,17.83,17.94,17.84,17.85,2.912
2025-07-21 12:00:00,17.85,17.89,17.78,17.84,4.136
2025-07-21 13:00:00,17.84,17.87,17.69,17.82,3.655
2025-07-21 14:00:00,17.82,17.87,17.77,17.84,4.225
2025-07-21 15:00:00,17.84,17.91,17.8,17.83,3.046
2025-07-21 16:00:00,17.83,17.92,17.66,17.74,6.218
2025-07-21 17:00:00,17.74,17.77,17.65,17.72,3.072
2025-07-21 18:00:00,17.72,17.89,17.73,17.73,2.482
2025-07-21 19:00:00,17.73,17.85,17.74,17.76,2.902
2025-07-21 20:00:00,17.76,17.79,17.7,17.78,1.222
2025-07-21 21:00:00,17.78,17.75,17.71,17.75,0.738
2025-07-21 22:00:00,17.75,17.8,17.73,17.77,0.3257
2025-07-21 23:00:00,17.77,17.76,17.7,17.75,1.302
2025-07-22 00:00:00,17.75,17.79,17.74,17.76,0.3785
2025-07-22 01:00:00,17.76,17.75,17.54,17.74,1.808
2025-07-22 02:00:00,17.74,17.86,17.77,17.77,1.488
2025-07-22 03:00:00,17.77,17.78,17.7,17.75,0.4636
2025-07-22 04:00:00,17.75,17.88,17.77,17.8,1.606
2025-07-22 05:00:00,17.8,17.77,17.66,17.76,2.512
2025-07-22 06:00:00,17.76,17.78,17.69,17.78,3.77
2025-07-22 07:00:00,17.78,17.86,17.76,17.81,3.423
2025-07-22 08:00:00,17.81,17.8,17.69,17.8,3.75
2025-07-22 09:00:00,17.8,17.79,17.73,17.74,3.336
2025-07-22 10:00:00,17.74,17.73,17.65,17.73,1.678
2025-07-22 11:00:00,17.73,17.73,17.68,17.73,3.036
2025-07-22 12:00:00,17.73,17.73,17.68,17.7,1.834
2025-07-22 13:00:00,17.7,17.89,17.7,17.7,2.755
2025-07-22 14:00:00,17.7,17.73,17.52,17.73,3.136
2025-07-22 15:00:00,17.73,17.79,17.73,17.74,2.389
2025-07-22 16:00:00,17.74,17.82,17.69,17.72,0.8638
2025-07-22 17:00:00,17.72,17.73,17.61,17.72,1.631
2025-07-22 18:00:00,17.72,17.76,17.62,17.72,2.312
2025-07-22 19:00:00,17.72,17.82,17.69,17.71,0.737
2025-07-22 20:00:00,17.71,17.75,17.64,17.74,0.6595
2025-07-22 21:00:00,17.74,17.79,17.71,17.74,0.4462
2025-07-22 22:00:00,17.74,17.72,17.67,17.71,0.4274
2025-07-22 23:00:00,17.71,17.75,17.69,17.72,0.3895
2025-07-23 00:00:00,17.68,17.83,17.76,17.76,16.27
2025-07-23 01:00:00,17.76,17.7,17.61,17.66,8.869
2025-07-23 02:00:00,17.71,17.79,17.73,17.74,1.923
2025-07-23 03:00:00,17.74,17.81,17.74,17.74,0.6344
2025-07-23 04:00:00,17.74,17.74,17.65,17.7,20.67
2025-07-23 05:00:00,17.73,17.78,17.72,17.72,0.6974
2025-07-23 06:00:00,17.72,17.76,17.72,17.72,1.483
2025-07-23 07:00:00,17.72,17.75,17.73,17.73,2.157
2025-07-23 08:00:00,17.73,17.75,17.71,17.73,2.179
2025-07-23 09:00:00,17.73,17.79,17.71,17.71,1.962
2025-07-23 10:00:00,17.71,17.67,17.63,17.66,3.236
2025-07-23 11:00:00,17.66,17.72,17.63,17.68,1.406
2025-07-23 12:00:00,17.68,17.81,17.67,17.71,2.414
2025-07-23 13:00:00,17.71,17.83,17.7,17.73,4.129
2025-07-23 14:00:00,17.73,17.7,17.57,17.66,2.018
2025-07-23 15:00:00,17.66,17.65,17.55,17.65,1.816
2025-07-23 16:00:00,17.65,17.78,17.62,17.65,1.495
2025-07-23 17:00:00,17.65,17.74,17.56,17.68,6.943
2025-07-23 18:00:00,17.68,17.69,17.62,17.69,1.979
2025-07-23 19:00:00,17.69,17.72,17.66,17.7,0.7101
2025-07-23 20:00:00,17.7,17.79,17.66,17.68,2.867
2025-07-23 21:00:00,17.68,17.68,17.56,17.68,0.8735
2025-07-23 22:00:00,17.68,17.71,17.59,17.69,0.3158
2025-07-23 23:00:00,17.69,17.7,17.63,17.7,0.2653
2025-07-24 00:00:00,17.7,17.69,17.63,17.69,0.2656
2025-07-24 01:00:00,17.69,17.69,17.66,17.69,0.3015
2025-07-24 02:00:00,17.69,17.73,17.67,17.73,0.277
2025-07-24 03:00:00,17.73,17.83,17.7,17.7,1.236
2025-07-24 04:00:00,17.7,17.8,17.67,17.68,1.689
2025-07-24 05:00:00,17.68,17.74,17.66,17.69,2.359
2025-07-24 06:00:00,17.69,17.76,17.7,17.71,2.442
2025-07-24 07:00:00,17.71,17.76,17.55,17.76,3.468
2025-07-24 08:00:00,17.76,17.75,17.67,17.75,2.789
2025-07-24 09:00:00,17.75,17.8,17.71,17.74,2.394
2025-07-24 10:00:00,17.74,17.78,17.68,17.75,1.98
2025-07-24 11:00:00,17.75,17.78,17.7,17.75,1.991
2025-07-24 12:00:00,17.75,17.79,17.72,17.75,1.959
2025-07-24 13:00:00,17.75,17.84,17.78,17.79,2.569
2025-07-24 14:00:00,17.79,17.73,17.6,17.73,2.418
2025-07-24 15:00:00,17.73,17.79,17.69,17.74,2.4
2025-07-24 16:00:00,17.72,17.93,17.61,17.73,26.24
2025-07-24 17:00:00,17.77,17.8,17.68,17.78,0.9788
2025-07-24 18:00:00,17.78,17.82,17.49,17.74,7.789
2025-07-24 19:00:00,17.74,17.81,17.73,17.77,0.7735
2025-07-24 20:00:00,17.77,17.8,17.77,17.78,0.4957
2025-07-24 21:00:00,17.78,17.81,17.78,17.81,0.625
2025-07-24 22:00:00,17.81,17.85,17.79,17.8,0.6649
2025-07-24 23:00:00,17.8,17.79,17.78,17.79,0.1779
2025-07-25 00:00:00,17.79,17.89,17.79,17.8,0.4134
2025-07-25 01:00:00,17.8,17.85,17.77,17.8,0.8228
2025-07-25 02:00:00,17.8,17.95,17.83,17.83,1.796
2025-07-25 03:00:00,17.83,17.98,17.8,17.82,3.956
2025-07-25 04:00:00,17.82,17.83,17.66,17.81,2.151
2025-07-25 05:00:00,17.81,17.94,17.79,17.86,7.846
2025-07-25 06:00:00,17.86,17.9,17.8,17.84,3.123
2025-07-25 07:00:00,17.84,17.93,17.78,17.86,4.572
2025-07-25 08:00:00,17.86,17.99,17.85,17.88,3.557
2025-07-25 09:00:00,17.88,17.88,17.73,17.86,2.506
2025-07-25 10:00:00,17.86,17.91,17.82,17.88,2.896
2025-07-25 11:00:00,17.88,17.92,17.84,17.9,2.104
2025-07-25 12:00:00,17.9,17.97,17.89,17.92,2.43
2025-07-25 13:00:00,17.92,17.95,17.85,17.92,2.537
2025-07-25 14:00:00,17.92,18.12,17.96,17.96,5.45
2025-07-25 15:00:00,17.96,17.95,17.84,17.95,2.359
2025-07-25 16:00:00,17.95,17.92,17.86,17.92,2.202
2025-07-25 17:00:00,17.92,17.96,17.92,17.92,1.389
2025-07-25 18:00:00,17.92,17.9,17.85,17.9,0.4675
2025-07-25 19:00:00,17.9,17.94,17.86,17.91,1.497
2025-07-25 20:00:00,17.91,17.93,17.83,17.91,1.448
2025-07-25 21:00:00,17.91,17.94,17.89,17.92,1.777
2025-07-25 22:00:00,17.92,17.91,17.9,17.91,0.2309
2025-07-25 23:00:00,17.91,17.89,17.86,17.89,0.552
2025-07-26 00:00:00,17.89,17.92,17.9,17.9,0.6362
2025-07-26 01:00:00,17.9,17.96,17.95,17.95,0.08773
2025-07-26 02:00:00,17.98,17.98,17.71,17.87,27.08
2025-07-26 03:00:00,17.91,17.93,17.91,17.93,0.1568
2025-07-26 04:00:00,17.93,17.94,17.92,17.93,0.7611
2025-07-26 05:00:00,17.93,17.94,17.92,17.92,1.123
2025-07-26 06:00:00,17.92,17.98,17.92,17.96,1.555
2025-07-26 07:00:00,17.96,17.97,17.94,17.96,1.146
2025-07-26 08:00:00,17.96,17.94,17.92,17.94,0.9866
2025-07-26 09:00:00,17.94,17.94,17.91,17.91,0.7997
2025-07-26 10:00:00,17.91,17.9,17.79,17.89,2.797
2025-07-26 11:00:00,17.89,17.92,17.87,17.89,1.148
2025-07-26 12:00:00,17.88,17.89,17.87,17.88,23608.58
2025-07-26 13:00:00,17.88,17.9,17.84,17.89,0.9296
2025-07-26 14:00:00,17.89,17.9,17.88,17.89,0.6476
2025-07-26 15:00:00,17.89,17.9,17.86,17.9,1.089
2025-07-26 16:00:00,17.9,17.91,17.89,17.89,0.7705
2025-07-26 17:00:00,17.92,17.94,17.93,17.93,16.72
2025-07-26 18:00:00,17.93,17.93,17.82,17.9,23.31
2025-07-26 19:00:00,17.9,17.91,17.88,17.9,0.4939
2025-07-26 20:00:00,17.9,17.95,17.91,17.92,0.8865
2025-07-26 21:00:00,17.9,17.84,17.81,17.83,2.663
2025-07-26 22:00:00,17.9,17.91,17.9,17.9,0.749
2025-07-26 23:00:00,17.9,17.91,17.91,17.91,0.08143
2025-07-27 00:00:00,17.89,17.85,17.79,17.85,4.337
2025-07-27 01:00:00,17.85,17.96,17.85,17.91,4.544
2025-07-27 02:00:00,17.88,17.87,17.84,17.87,0.5522
2025-07-27 03:00:00,17.84,17.92,17.88,17.89,6.949
2025-07-27 04:00:00,17.89,17.88,17.88,17.88,0.3414
2025-07-27 05:00:00,17.83,17.93,17.83,17.86,32.9
2025-07-27 06:00:00,17.87,17.88,17.87,17.87,0.4972
2025-07-27 07:00:00,17.87,17.9,17.89,17.89,0.5079
2025-07-27 08:00:00,17.89,17.92,17.91,17.91,0.7547
2025-07-27 09:00:00,17.91,17.92,17.9,17.91,0.6723
2025-07-27 10:00:00,17.88,17.94,17.63,17.89,44.0
2025-07-27 11:00:00,17.89,17.97,17.88,17.89,30.59
2025-07-27 12:00:00,17.91,17.91,17.86,17.87,1.118
2025-07-27 13:00:00,17.89,17.99,17.32,17.87,22.79
2025-07-27 14:00:00,17.87,17.86,17.81,17.85,2.57
2025-07-27 15:00:00,17.85,17.85,17.83,17.85,1.042
2025-07-27 16:00:00,17.85,17.92,17.78,17.89,5.02
2025-07-27 17:00:00,17.89,17.88,17.82,17.87,1.395
2025-07-27 18:00:00,17.88,17.93,17.83,17.87,61.22
2025-07-27 19:00:00,17.87,17.88,17.86,17.86,0.4218
2025-07-27 20:00:00,17.86,17.9,17.86,17.86,0.6207
2025-07-27 21:00:00,17.87,17.82,17.75,17.82,22.36
2025-07-27 22:00:00,17.81,17.9,17.78,17.88,1.289
2025-07-27 23:00:00,17.88,17.89,17.84,17.87,0.5666
2025-07-28 00:00:00,17.87,17.92,17.88,17.88,1.146
2025-07-28 01:00:00,17.88,17.93,17.87,17.87,0.6562
2025-07-28 02:00:00,17.87,17.91,17.81,17.88,0.9729
2025-07-28 03:00:00,17.88,17.91,17.86,17.87,0.6681
2025-07-28 04:00:00,17.87,17.88,17.83,17.84,1.453
2025-07-28 05:00:00,17.84,17.83,17.77,17.82,2.42
2025-07-28 06:00:00,17.82,17.89,17.83,17.87,1.862
2025-07-28 07:00:00,17.87,17.95,17.88,17.91,3.025
2025-07-28 08:00:00,17.91,17.95,17.88,17.93,2.416
2025-07-28 09:00:00,17.93,17.97,17.91,17.95,1.965
2025-07-28 10:00:00,17.95,18.0,17.95,17.96,2.867
2025-07-28 11:00:00,17.96,17.97,17.92,17.96,2.54
2025-07-28 12:00:00,17.96,18.0,17.96,17.98,1.301
2025-07-28 13:00:00,17.98,18.05,17.95,17.99,5.144
2025-07-28 14:00:00,17.99,18.08,17.99,17.99,2.426
2025-07-28 15:00:00,17.99,18.01,17.95,18.0,2.808
2025-07-28 16:00:00,18.0,18.06,18.01,18.01,1.407
2025-07-28 17:00:00,18.01,18.08,18.02,18.02,1.587
2025-07-28 18:00:00,18.02,18.02,17.99,18.0,1.634
2025-07-28 19:00:00,18.0,18.02,17.92,18.0,1.701
2025-07-28 20:00:00,18.0,18.0,17.92,17.97,1.052
2025-07-28 21:00:00,17.97,18.0,17.96,18.0,0.6694
2025-07-28 22:00:00,18.0,18.04,18.01,18.02,1.07
2025-07-28 23:00:00,18.02,18.0,17.98,18.0,0.622
2025-07-29 00:00:00,18.0,18.05,17.98,18.01,1.364
2025-07-29 01:00:00,17.93,18.18,18.04,18.09,16.93
2025-07-29 02:00:00,18.04,18.0,17.93,17.98,1.094
2025-07-29 03:00:00,17.98,18.0,17.88,17.99,0.9109
2025-07-29 04:00:00,17.99,18.03,18.0,18.0,1.238
2025-07-29 05:00:00,18.0,17.98,17.96,17.98,1.562
2025-07-29 06:00:00,17.98,18.05,17.98,18.03,2.718
2025-07-29 07:00:00,18.03,18.08,18.01,18.07,2.937
2025-07-29 08:00:00,18.07,18.1,18.05,18.06,3.248
2025-07-29 09:00:00,18.06,18.08,18.05,18.06,1.263
2025-07-29 10:00:00,18.06,18.13,18.12,18.12,5.405
2025-07-29 11:00:00,18.12,18.1,18.04,18.1,1.776
2025-07-29 12:00:00,18.1,18.13,18.05,18.1,2.817
2025-07-29 13:00:00,18.1,18.15,18.1,18.1,2.445
2025-07-29 14:00:00,18.1,18.22,18.08,18.1,4.659
2025-07-29 15:00:00,18.1,18.16,18.04,18.07,2.88
2025-07-29 16:00:00,18.07,18.04,17.94,18.04,2.486
2025-07-29 17:00:00,18.04,18.07,18.02,18.04,1.765
2025-07-29 18:00:00,18.04,18.07,18.03,18.03,1.214
2025-07-29 19:00:00,18.03,18.08,18.02,18.06,1.353
2025-07-29 20:00:00,18.06,18.07,17.98,18.0,1.485
2025-07-29 21:00:00,18.0,18.03,17.98,18.03,0.8105
2025-07-29 22:00:00,18.03,18.04,17.99,18.04,1.19
2025-07-29 23:00:00,18.04,18.03,18.01,18.03,0.7024
2025-07-30 00:00:00,18.03,18.06,18.02,18.03,0.9895
2025-07-30 01:00:00,18.03,18.03,17.99,18.03,1.384
2025-07-30 02:00:00,18.01,18.03,17.88,18.01,19.85
2025-07-30 03:00:00,18.01,18.01,17.97,18.01,0.6804
2025-07-30 04:00:00,18.01,18.05,18.02,18.03,0.5131
2025-07-30 05:00:00,18.03,18.03,18.0,18.02,1.853
2025-07-30 06:00:00,18.02,18.05,17.97,18.05,2.308
2025-07-30 07:00:00,18.05,18.07,18.03,18.03,2.427
2025-07-30 08:00:00,18.03,18.02,17.96,18.01,1.344
2025-07-30 09:00:00,18.01,18.05,18.0,18.0,1.025
2025-07-30 10:00:00,18.0,18.07,18.0,18.0,1.633
2025-07-30 11:00:00,18.0,18.09,18.02,18.02,2.765
2025-07-30 12:00:00,18.02,18.09,17.99,18.09,3.375
2025-07-30 13:00:00,18.09,18.11,18.07,18.1,4.312
2025-07-30 14:00:00,18.1,18.05,17.86,18.04,7.01
2025-07-30 15:00:00,18.05,18.08,17.69,18.07,84412.69
2025-07-30 16:00:00,18.05,18.1,18.05,18.06,0.6839
2025-07-30 17:00:00,18.06,18.07,18.03,18.05,0.8384
2025-07-30 18:00:00,18.05,18.28,18.15,18.15,3.557
2025-07-30 19:00:00,18.15,18.18,17.97,18.16,6.829
2025-07-30 20:00:00,18.16,18.17,18.13,18.14,1.827
2025-07-30 21:00:00,18.14,18.13,18.09,18.13,1.058
2025-07-30 22:00:00,18.13,18.13,18.1,18.13,0.686
2025-07-30 23:00:00,18.13,18.13,18.07,18.13,0.7693
2025-07-31 00:00:00,18.13,18.13,18.04,18.13,0.9035
2025-07-31 01:00:00,18.13,18.19,18.12,18.12,1.042
2025-07-31 02:00:00,18.12,18.11,18.06,18.11,0.9168
2025-07-31 03:00:00,18.11,18.13,18.1,18.11,1.424
2025-07-31 04:00:00,18.11,18.1,18.08,18.1,0.5781
2025-07-31 05:00:00,18.1,18.12,18.1,18.1,0.8961
2025-07-31 06:00:00,18.1,18.07,18.04,18.07,1.818
2025-07-31 07:00:00,18.07,18.09,18.07,18.09,2.804
2025-07-31 08:00:00,18.09,18.13,18.1,18.12,2.927
2025-07-31 09:00:00,18.12,18.13,18.1,18.13,3.273
2025-07-31 10:00:00,18.13,18.19,18.14,18.19,2.478
2025-07-31 11:00:00,18.19,18.21,18.17,18.18,1.371
2025-07-31 12:00:00,18.18,18.21,18.14,18.21,4.518
2025-07-31 13:00:00,18.21,18.25,18.1,18.22,3.751
2025-07-31 14:00:00,18.22,18.32,18.21,18.22,0.9231
2025-07-31 15:00:00,18.22,18.26,18.16,18.26,0.89
2025-07-31 16:00:00,18.26,18.29,18.21,18.27,3.157
2025-07-31 17:00:00,18.27,18.39,18.3,18.3,0.6153
2025-07-31 18:00:00,18.3,18.35,18.27,18.32,0.5541
2025-07-31 19:00:00,18.32,18.47,18.34,18.34,1.548
2025-07-31 20:00:00,18.34,18.4,18.35,18.36,1.191
2025-07-31 21:00:00,18.36,18.43,18.35,18.35,1.788
2025-07-31 22:00:00,18.35,18.45,18.4,18.4,3.051
2025-07-31 23:00:00,18.4,18.47,18.36,18.4,1.03
2025-08-01 00:00:00,18.4,18.47,18.28,18.44,1.878
2025-08-01 01:00:00,18.44,18.45,18.3,18.43,0.8224
2025-08-01 02:00:00,18.43,18.44,18.31,18.4,0.9507
2025-08-01 03:00:00,18.4,18.46,18.38,18.38,0.8349
2025-08-01 04:00:00,18.38,18.38,18.32,18.38,0.8284
2025-08-01 05:00:00,18.38,18.43,18.34,18.36,1.861
2025-08-01 06:00:00,18.36,18.43,18.34,18.35,2.174
2025-08-01 07:00:00,18.35,18.4,18.29,18.34,3.785
2025-08-01 08:00:00,18.34,18.45,18.33,18.42,4.504
2025-08-01 09:00:00,18.42,18.55,18.36,18.51,2.666
2025-08-01 10:00:00,18.51,18.59,18.46,18.48,2.088
2025-08-01 11:00:00,18.48,18.47,18.37,18.45,2.003
2025-08-01 12:00:00,18.45,18.43,18.24,18.28,4.846
2025-08-01 13:00:00,18.28,18.5,18.25,18.29,8.224
2025-08-01 14:00:00,18.29,18.25,18.0,18.22,4.332
2025-08-01 15:00:00,18.22,18.27,18.12,18.22,1.125
2025-08-01 16:00:00,18.22,18.33,18.19,18.2,1.371
2025-08-01 17:00:00,18.2,18.35,18.27,18.27,1.344
2025-08-01 18:00:00,18.27,18.36,18.23,18.25,2.69
2025-08-01 19:00:00,18.25,18.34,18.21,18.22,1.172
2025-08-01 20:00:00,18.22,18.2,18.09,18.2,1.791
2025-08-01 21:00:00,18.2,18.25,18.18,18.23,1.684
2025-08-01 22:00:00,18.23,18.36,18.16,18.22,3.956
2025-08-01 23:00:00,18.22,18.23,18.16,18.22,0.5688
2025-08-02 00:00:00,18.2,18.08,18.04,18.08,9.938
2025-08-02 01:00:00,18.2,18.22,18.17,18.2,0.3579
2025-08-02 02:00:00,18.2,18.22,18.18,18.2,0.1161
2025-08-02 03:00:00,18.2,18.22,18.17,18.21,0.2318
2025-08-02 04:00:00,18.21,18.24,18.2,18.22,0.5987
2025-08-02 05:00:00,18.22,18.25,18.21,18.23,0.8742
2025-08-02 06:00:00,18.23,18.27,18.2,18.25,1.823
2025-08-02 07:00:00,18.25,18.27,18.19,18.27,0.8463
2025-08-02 08:00:00,18.27,18.32,18.26,18.26,1.75
2025-08-02 09:00:00,18.26,18.3,18.24,18.27,1.362
2025-08-02 10:00:00,18.27,18.29,18.26,18.29,0.4605
2025-08-02 11:00:00,18.29,18.31,18.22,18.3,0.6601
2025-08-02 12:00:00,18.3,18.33,18.28,18.28,0.6173
2025-08-02 13:00:00,18.28,18.32,18.27,18.29,0.5286
2025-08-02 14:00:00,18.29,18.37,18.26,18.28,1.802
2025-08-02 15:00:00,18.28,18.37,18.28,18.29,1.136
2025-08-02 16:00:00,18.29,18.28,18.2,18.27,1.148
2025-08-02 17:00:00,18.27,18.4,18.25,18.25,0.6972
2025-08-02 18:00:00,18.25,18.37,18.25,18.29,1.697
2025-08-02 19:00:00,18.29,18.4,18.24,18.3,3.094
2025-08-02 20:00:00,18.3,18.28,18.18,18.27,0.7533
2025-08-02 21:00:00,18.27,18.31,18.24,18.3,0.2885
2025-08-02 22:00:00,18.29,18.31,18.28,18.3,11264.01
2025-08-02 23:00:00,18.27,18.38,18.18,18.29,13.21
2025-08-03 00:00:00,18.29,18.27,18.04,18.27,12.51
2025-08-03 01:00:00,18.28,18.31,18.25,18.31,0.1527
2025-08-03 02:00:00,18.31,18.28,18.24,18.27,0.1254
2025-08-03 03:00:00,18.29,18.31,18.28,18.29,3578.96
2025-08-03 04:00:00,18.3,18.33,18.28,18.31,0.2784
2025-08-03 05:00:00,18.31,18.32,18.28,18.31,0.5152
2025-08-03 06:00:00,18.31,18.33,18.3,18.31,1.207
2025-08-03 07:00:00,18.31,18.31,18.27,18.28,0.5393
2025-08-03 08:00:00,18.28,18.34,18.28,18.3,1.261
2025-08-03 09:00:00,18.3,18.3,18.28,18.3,0.3922
2025-08-03 10:00:00,18.3,18.32,18.25,18.3,0.9058
2025-08-03 11:00:00,18.3,18.36,18.3,18.32,1.994
2025-08-03 12:00:00,18.32,18.34,18.28,18.33,1.203
2025-08-03 13:00:00,18.33,18.34,18.28,18.29,0.6839
2025-08-03 14:00:00,18.29,18.34,18.26,18.31,0.6734
2025-08-03 15:00:00,18.31,18.32,18.27,18.32,0.4586
2025-08-03 16:00:00,18.32,18.31,18.27,18.3,0.4242
2025-08-03 17:00:00,18.3,18.33,18.28,18.3,0.907
2025-08-03 18:00:00,18.3,18.34,18.25,18.33,0.6785
2025-08-03 19:00:00,18.33,18.41,18.33,18.33,0.9897
2025-08-03 20:00:00,18.33,18.37,18.3,18.37,0.3978
2025-08-03 21:00:00,18.37,18.39,18.33,18.37,1.39
2025-08-03 22:00:00,18.37,18.39,18.28,18.3,1.606
2025-08-03 23:00:00,18.3,18.31,18.26,18.26,1.027
2025-08-04 00:00:00,18.26,18.2,18.09,18.2,0.8547
2025-08-04 01:00:00,18.2,18.24,18.19,18.21,0.3648
2025-08-04 02:00:00,18.21,18.19,18.14,18.19,0.5736
2025-08-04 03:00:00,18.19,18.23,18.2,18.21,0.4258
2025-08-04 04:00:00,18.21,18.32,18.21,18.22,6.915
2025-08-04 05:00:00,18.22,18.22,18.18,18.21,0.8934
2025-08-04 06:00:00,18.21,18.21,18.16,18.18,1.575
2025-08-04 07:00:00,18.18,18.18,18.12,18.17,2.507
2025-08-04 08:00:00,18.17,18.2,18.14,18.16,1.892
2025-08-04 09:00:00,18.16,18.23,18.18,18.18,1.314
2025-08-04 10:00:00,18.18,18.24,18.18,18.18,1.395
2025-08-04 11:00:00,18.18,18.18,18.14,18.17,1.041
2025-08-04 12:00:00,18.17,18.19,18.1,18.14,2.324
2025-08-04 13:00:00,18.14,18.11,17.99,18.1,2.707
2025-08-04 14:00:00,18.1,18.22,18.11,18.11,2.253
2025-08-04 15:00:00,18.11,18.16,18.08,18.08,1.917
2025-08-04 16:00:00,18.08,18.09,18.01,18.08,3.042
2025-08-04 17:00:00,18.08,18.17,18.1,18.11,2.318
2025-08-04 18:00:00,18.11,18.16,18.13,18.14,1.728
2025-08-04 19:00:00,18.14,18.18,18.12,18.13,1.785
2025-08-04 20:00:00,18.13,18.13,18.06,18.12,0.8902
2025-08-04 21:00:00,18.12,18.11,18.06,18.08,0.6173
2025-08-04 22:00:00,18.08,18.1,18.05,18.09,0.9139
2025-08-04 23:00:00,18.09,18.14,18.12,18.12,0.2841
2025-08-05 00:00:00,18.12,18.15,18.08,18.08,0.7429
2025-08-05 01:00:00,18.08,18.13,18.1,18.1,0.2417
2025-08-05 02:00:00,18.1,18.11,18.08,18.1,0.3835
2025-08-05 03:00:00,18.1,18.17,18.1,18.1,0.1469
2025-08-05 04:00:00,18.1,18.11,18.07,18.08,0.6684
2025-08-05 05:00:00,18.08,18.14,18.06,18.12,1.907
2025-08-05 06:00:00,18.12,18.31,18.13,18.13,3.604
2025-08-05 07:00:00,18.13,18.21,18.13,18.17,2.471
2025-08-05 08:00:00,18.17,18.19,18.1,18.16,2.67
2025-08-05 09:00:00,18.16,18.2,18.09,18.16,2.079
2025-08-05 10:00:00,18.16,18.23,18.12,18.2,2.818
2025-08-05 11:00:00,18.2,18.2,18.17,18.18,2.362
2025-08-05 12:00:00,18.18,18.34,18.13,18.19,1.467
2025-08-05 13:00:00,18.19,18.17,18.1,18.16,1.227
2025-08-05 14:00:00,18.16,18.38,18.11,18.14,2.792
2025-08-05 15:00:00,18.14,18.17,17.98,18.09,3.551
2025-08-05 16:00:00,18.09,18.11,18.04,18.07,0.9595
2025-08-05 17:00:00,18.07,18.1,17.98,18.1,1.486
2025-08-05 18:00:00,18.1,18.1,18.04,18.06,3.563
2025-08-05 19:00:00,18.06,18.11,18.04,18.09,1.076
2025-08-05 20:00:00,18.09,18.09,18.06,18.07,0.7396
2025-08-05 21:00:00,18.07,18.13,18.08,18.09,1.574
2025-08-05 22:00:00,18.09,18.07,17.99,18.07,0.5073
2025-08-05 23:00:00,18.07,18.07,18.04,18.07,0.548
2025-08-06 00:00:00,18.07,18.11,18.05,18.06,0.24
2025-08-06 01:00:00,18.06,18.07,18.04,18.04,0.1223
2025-08-06 02:00:00,18.07,18.08,18.01,18.05,15537.23
2025-08-06 03:00:00,18.05,18.08,18.03,18.05,1.373
2025-08-06 04:00:00,18.05,18.06,18.03,18.04,2.208
2025-08-06 05:00:00,18.04,18.06,17.92,18.04,0.646
2025-08-06 06:00:00,18.04,18.07,18.02,18.06,1.732
2025-08-06 07:00:00,18.06,18.06,18.0,18.06,3.194
2025-08-06 08:00:00,18.06,18.1,18.01,18.05,1.137
2025-08-06 09:00:00,18.05,18.08,17.98,18.05,4.0
2025-08-06 10:00:00,18.05,18.08,17.96,17.99,5.058
2025-08-06 11:00:00,17.99,18.02,17.96,17.99,0.7995
2025-08-06 12:00:00,17.99,18.05,17.96,17.96,1.676
2025-08-06 13:00:00,17.96,17.96,17.86,17.95,1.653
2025-08-06 14:00:00,17.95,17.9,17.75,17.9,1.231
2025-08-06 15:00:00,17.9,17.94,17.84,17.93,2.55
2025-08-06 16:00:00,17.93,17.98,17.91,17.92,0.5906
2025-08-06 17:00:00,17.92,17.93,17.86,17.93,0.7025
2025-08-06 18:00:00,17.93,17.96,17.91,17.94,0.6126
2025-08-06 19:00:00,17.94,17.98,17.92,17.92,0.5461
2025-08-06 20:00:00,17.92,17.98,17.94,17.96,0.5005
2025-08-06 21:00:00,17.96,17.98,17.91,17.95,0.3757
2025-08-06 22:00:00,17.95,17.94,17.93,17.94,0.2861
2025-08-06 23:00:00,17.91,17.95,17.9,17.94,2.266
2025-08-07 00:00:00,17.93,17.95,17.93,17.93,0.195
2025-08-07 01:00:00,17.93,17.99,17.93,17.93,0.5066
2025-08-07 02:00:00,17.93,17.98,17.93,17.94,0.2505
2025-08-07 03:00:00,17.94,17.95,17.93,17.94,0.1677
2025-08-07 04:00:00,17.94,17.99,17.92,17.92,0.8369
2025-08-07 05:00:00,17.92,17.89,17.77,17.89,16.54
2025-08-07 06:00:00,17.9,17.94,17.88,17.91,0.8295
2025-08-07 07:00:00,17.91,17.91,17.86,17.87,1.724
2025-08-07 08:00:00,17.87,17.9,17.84,17.87,1.076
2025-08-07 09:00:00,17.87,17.9,17.82,17.89,1.231
2025-08-07 10:00:00,17.89,17.92,17.69,17.91,2.059
2025-08-07 11:00:00,17.91,17.93,17.87,17.87,1.843
2025-08-07 12:00:00,17.87,17.9,17.8,17.86,2.416
2025-08-07 13:00:00,17.86,17.88,17.77,17.86,1.198
2025-08-07 14:00:00,17.86,17.96,17.88,17.94,1.605
2025-08-07 15:00:00,17.94,17.95,17.86,17.95,0.6117
2025-08-07 16:00:00,17.95,18.01,17.83,17.92,0.9367
2025-08-07 17:00:00,17.92,17.91,17.86,17.9,0.8107
2025-08-07 18:00:00,17.9,17.92,17.84,17.9,0.5076
2025-08-07 19:00:00,17.9,17.87,17.75,17.86,1.164
2025-08-07 20:00:00,17.86,17.91,17.87,17.87,0.5884
2025-08-07 21:00:00,17.87,17.92,17.85,17.85,1.425
2025-08-07 22:00:00,17.85,17.84,17.78,17.81,1.237
2025-08-07 23:00:00,17.81,17.85,17.79,17.8,0.2689
2025-08-08 00:00:00,17.8,17.87,17.76,17.83,1.255
2025-08-08 01:00:00,17.83,17.9,17.83,17.84,0.9114
2025-08-08 02:00:00,17.84,17.89,17.86,17.86,0.2552
2025-08-08 03:00:00,17.9,17.94,17.7,17.85,22.27
2025-08-08 04:00:00,17.86,17.88,17.85,17.85,1.014
2025-08-08 05:00:00,17.85,17.9,17.86,17.87,1.124
2025-08-08 06:00:00,17.87,17.86,17.8,17.85,2.025
2025-08-08 07:00:00,17.85,17.88,17.81,17.87,3.702
2025-08-08 08:00:00,17.87,17.92,17.84,17.9,2.071
2025-08-08 09:00:00,17.9,17.89,17.81,17.88,1.839
2025-08-08 10:00:00,17.88,17.9,17.81,17.84,0.9101
2025-08-08 11:00:00,17.84,17.82,17.78,17.82,1.319
2025-08-08 12:00:00,17.82,17.88,17.84,17.84,0.8894
2025-08-08 13:00:00,17.84,17.84,17.78,17.84,1.871
2025-08-08 14:00:00,17.84,17.94,17.83,17.84,3.098
2025-08-08 15:00:00,17.84,17.9,17.79,17.84,1.89
2025-08-08 16:00:00,17.84,17.85,17.74,17.78,2.489
2025-08-08 17:00:00,17.78,17.73,17.62,17.65,5.573
2025-08-08 18:00:00,17.65,17.71,17.63,17.64,1.73
2025-08-08 19:00:00,17.64,17.67,17.6,17.62,2.408
2025-08-08 20:00:00,17.62,17.57,17.46,17.48,2.814
2025-08-08 21:00:00,17.48,17.72,17.45,17.72,1.648
2025-08-08 22:00:00,17.72,17.73,17.62,17.63,0.5627
2025-08-08 23:00:00,17.63,17.69,17.62,17.62,0.5526
2025-08-09 00:00:00,17.62,17.63,17.6,17.6,0.06503
2025-08-09 01:00:00,17.64,17.57,17.48,17.52,4.33
2025-08-09 02:00:00,17.58,17.61,17.51,17.55,0.3372
2025-08-09 03:00:00,17.55,17.57,17.54,17.57,0.4422
2025-08-09 04:00:00,17.52,17.62,17.39,17.58,35.16
2025-08-09 05:00:00,17.58,17.59,17.14,17.56,71.38
2025-08-09 06:00:00,17.59,17.66,17.51,17.55,1.221
2025-08-09 07:00:00,17.48,17.52,17.28,17.45,26.49
2025-08-09 08:00:00,17.49,17.57,17.38,17.49,1.571
2025-08-09 09:00:00,17.49,17.68,17.34,17.49,2.754
2025-08-09 10:00:00,17.49,17.57,17.48,17.52,1.214
2025-08-09 11:00:00,17.52,17.6,17.54,17.55,1.314
2025-08-09 12:00:00,17.55,17.59,17.49,17.52,1.297
2025-08-09 13:00:00,17.52,17.55,17.49,17.53,0.9998
2025-08-09 14:00:00,17.53,17.57,17.49,17.56,0.8765
2025-08-09 15:00:00,17.56,17.57,17.46,17.54,0.4732
2025-08-09 16:00:00,17.54,17.58,17.51,17.54,0.3411
2025-08-09 17:00:00,17.54,17.47,17.42,17.47,12.16
2025-08-09 18:00:00,17.47,17.45,17.44,17.45,26.26
2025-08-09 19:00:00,17.55,17.6,17.48,17.54,1.511
2025-08-09 20:00:00,17.54,17.5,17.4,17.46,0.7666
2025-08-09 21:00:00,17.38,17.5,17.4,17.4,23.12
2025-08-09 22:00:00,17.45,17.45,17.37,17.39,0.9951
2025-08-09 23:00:00,17.39,17.48,17.39,17.41,0.07778
2025-08-10 00:00:00,17.38,17.58,17.18,17.35,8.816
2025-08-10 01:00:00,17.36,17.49,17.36,17.49,0.5707
2025-08-10 02:00:00,17.49,17.44,17.36,17.44,0.2139
2025-08-10 03:00:00,17.5,17.52,17.37,17.41,15.14
2025-08-10 04:00:00,17.37,17.44,17.37,17.42,0.375
2025-08-10 05:00:00,17.42,17.51,17.43,17.46,0.7711
2025-08-10 06:00:00,17.46,17.53,17.42,17.49,0.8601
2025-08-10 07:00:00,17.49,17.65,17.49,17.65,0.9023
2025-08-10 08:00:00,17.65,17.63,17.52,17.63,1.696
2025-08-10 09:00:00,17.63,17.64,17.59,17.63,0.5972
2025-08-10 10:00:00,17.63,17.68,17.65,17.68,0.9376
2025-08-10 11:00:00,17.68,17.67,17.62,17.67,0.9364
2025-08-10 12:00:00,17.67,17.68,17.6,17.62,1.28
2025-08-10 13:00:00,17.62,17.66,17.61,17.63,0.6802
2025-08-10 14:00:00,17.63,17.58,17.36,17.44,1.693
2025-08-10 15:00:00,17.44,17.53,17.44,17.53,0.6716
2025-08-10 16:00:00,17.53,17.55,17.53,17.54,0.616
2025-08-10 17:00:00,17.54,17.57,17.39,17.56,0.611
2025-08-10 18:00:00,17.56,17.56,17.52,17.56,0.4586
2025-08-10 19:00:00,17.56,17.58,17.37,17.58,1.12
2025-08-10 20:00:00,17.58,17.64,17.54,17.63,0.6907
2025-08-10 21:00:00,17.63,17.58,17.51,17.58,0.4626
2025-08-10 22:00:00,17.58,17.57,17.53,17.56,0.5915
2025-08-10 23:00:00,17.56,17.53,17.52,17.52,0.4675
2025-08-11 00:00:00,17.52,17.55,17.5,17.52,0.6401
2025-08-11 01:00:00,17.53,17.43,17.35,17.43,17.02
2025-08-11 02:00:00,17.37,17.17,17.09,17.17,2.179
2025-08-11 03:00:00,17.17,17.34,17.19,17.32,2.182
2025-08-11 04:00:00,17.32,17.31,17.15,17.3,1.816
2025-08-11 05:00:00,17.3,17.39,17.22,17.39,3.771
2025-08-11 06:00:00,17.39,17.78,17.31,17.78,12.28
2025-08-11 07:00:00,17.78,17.89,17.79,17.8,4.654
2025-08-11 08:00:00,17.8,17.82,17.75,17.8,4.191
2025-08-11 09:00:00,17.8,17.84,17.77,17.8,2.673
2025-08-11 10:00:00,17.8,17.86,17.78,17.82,4.034
2025-08-11 11:00:00,17.82,17.91,17.81,17.86,4.829
2025-08-11 12:00:00,17.86,18.03,17.87,17.87,2.835
2025-08-11 13:00:00,17.87,17.92,17.79,17.88,3.287
2025-08-11 14:00:00,17.88,17.9,17.81,17.89,2.16
2025-08-11 15:00:00,17.89,17.89,17.83,17.88,1.81
2025-08-11 16:00:00,17.88,17.99,17.85,17.87,1.486
2025-08-11 17:00:00,17.87,17.97,17.88,17.89,1.526
2025-08-11 18:00:00,17.89,17.89,17.82,17.88,1.738
2025-08-11 19:00:00,17.88,17.99,17.85,17.87,1.839
2025-08-11 20:00:00,17.87,17.94,17.84,17.9,1.153
2025-08-11 21:00:00,17.9,18.03,17.8,17.85,20.14
2025-08-11 22:00:00,17.89,17.88,17.83,17.88,0.77
2025-08-11 23:00:00,17.88,17.92,17.88,17.91,0.5778
2025-08-12 00:00:00,17.91,17.89,17.84,17.89,0.2
2025-08-12 01:00:00,17.89,17.91,17.85,17.9,0.2983
2025-08-12 02:00:00,17.9,17.9,17.86,17.88,0.2087
2025-08-12 03:00:00,17.88,17.92,17.88,17.89,0.2747
2025-08-12 04:00:00,17.89,17.91,17.85,17.9,0.7219
2025-08-12 05:00:00,17.9,17.94,17.85,17.9,1.653
2025-08-12 06:00:00,17.9,17.92,17.86,17.87,3.007
2025-08-12 07:00:00,17.87,17.89,17.85,17.87,1.719
2025-08-12 08:00:00,17.87,17.91,17.85,17.86,1.538
2025-08-12 09:00:00,17.86,17.94,17.86,17.86,1.477
2025-08-12 10:00:00,17.86,17.9,17.84,17.88,2.053
2025-08-12 11:00:00,17.88,17.9,17.83,17.89,0.9799
2025-08-12 12:00:00,17.89,17.81,17.72,17.8,2.558
2025-08-12 13:00:00,17.8,17.92,17.78,17.81,2.067
2025-08-12 14:00:00,17.81,17.79,17.7,17.76,1.783
2025-08-12 15:00:00,17.76,17.75,17.68,17.75,1.443
2025-08-12 16:00:00,17.75,17.82,17.72,17.74,1.862
2025-08-12 17:00:00,17.74,17.82,17.71,17.71,1.938
2025-08-12 18:00:00,17.71,17.79,17.7,17.73,1.353
2025-08-12 19:00:00,17.73,17.75,17.65,17.7,1.734
2025-08-12 20:00:00,17.68,17.73,17.24,17.62,164.47
2025-08-12 21:00:00,17.69,17.73,17.64,17.66,1.913
2025-08-12 22:00:00,17.66,17.66,17.6,17.66,1.559
2025-08-12 23:00:00,17.66,17.7,17.64,17.7,0.294
2025-08-13 00:00:00,17.7,17.76,17.61,17.76,8.595
2025-08-13 01:00:00,17.7,17.74,17.68,17.7,0.5196
2025-08-13 02:00:00,17.7,17.7,17.65,17.68,0.6608
2025-08-13 03:00:00,17.68,17.7,17.65,17.65,1.01
2025-08-13 04:00:00,17.65,17.72,17.65,17.65,1.717
2025-08-13 05:00:00,17.65,17.76,17.66,17.69,1.588
2025-08-13 06:00:00,17.69,17.71,17.61,17.68,2.107
2025-08-13 07:00:00,17.68,17.66,17.62,17.65,1.421
2025-08-13 08:00:00,17.65,17.64,17.56,17.64,1.608
2025-08-13 09:00:00,17.64,17.64,17.57,17.6,1.696
2025-08-13 10:00:00,17.6,17.76,17.55,17.64,4.762
2025-08-13 11:00:00,17.64,17.66,17.61,17.63,1.467
2025-08-13 12:00:00,17.63,17.83,17.64,17.69,6.089
2025-08-13 13:00:00,17.69,17.65,17.44,17.65,5.002
2025-08-13 14:00:00,17.65,17.83,17.62,17.62,2.861
2025-08-13 15:00:00,17.62,17.71,17.56,17.65,2.557
2025-08-13 16:00:00,17.65,17.7,17.57,17.67,1.067
2025-08-13 17:00:00,17.64,17.67,17.03,17.64,39.75
2025-08-13 18:00:00,17.63,17.68,17.61,17.64,1.534
2025-08-13 19:00:00,17.64,17.59,17.46,17.59,4.401
2025-08-13 20:00:00,17.59,17.57,17.53,17.57,2.284
2025-08-13 21:00:00,17.57,17.63,17.55,17.58,2.449
2025-08-13 22:00:00,17.58,17.66,17.52,17.57,4.634
2025-08-13 23:00:00,17.62,17.67,17.54,17.63,19.05
2025-08-14 00:00:00,17.59,17.59,17.49,17.52,2.274
2025-08-14 01:00:00,17.52,17.62,17.56,17.56,0.7349
2025-08-14 02:00:00,17.56,17.56,17.48,17.55,1.455
2025-08-14 03:00:00,17.55,17.66,17.56,17.57,2.062
2025-08-14 04:00:00,17.57,17.64,17.57,17.58,1.795
2025-08-14 05:00:00,17.58,17.71,17.58,17.61,2.991
2025-08-14 06:00:00,17.61,17.71,17.59,17.68,3.832
2025-08-14 07:00:00,17.68,17.76,17.6,17.71,7.746
2025-08-14 08:00:00,17.71,17.76,17.67,17.71,1.472
2025-08-14 09:00:00,17.71,17.75,17.68,17.71,1.277
2025-08-14 10:00:00,17.71,17.82,17.7,17.71,4.296
2025-08-14 11:00:00,17.71,17.73,17.67,17.69,2.264
2025-08-14 12:00:00,17.69,18.02,17.72,17.78,11.01
2025-08-14 13:00:00,17.78,17.92,17.72,17.79,7.841
2025-08-14 14:00:00,17.79,17.85,17.67,17.78,2.471
2025-08-14 15:00:00,17.78,17.89,17.77,17.82,6.163
2025-08-14 16:00:00,17.82,17.88,17.73,17.81,4.291
2025-08-14 17:00:00,17.81,17.83,17.72,17.77,1.476
2025-08-14 18:00:00,17.77,17.81,17.68,17.8,1.694
2025-08-14 19:00:00,17.8,17.88,17.79,17.81,2.081
2025-08-14 20:00:00,17.81,17.85,17.76,17.78,1.814
2025-08-14 21:00:00,17.78,17.85,17.71,17.81,1.546
2025-08-14 22:00:00,17.81,17.8,17.71,17.8,0.6376
2025-08-14 23:00:00,17.8,17.8,17.77,17.8,0.2356
2025-08-15 00:00:00,17.8,17.81,17.75,17.78,0.3803
2025-08-15 01:00:00,17.78,17.78,17.68,17.76,0.5837
2025-08-15 02:00:00,17.78,17.81,17.71,17.81,9.121
2025-08-15 03:00:00,17.76,17.78,17.71,17.76,0.526
2025-08-15 04:00:00,17.76,17.84,17.76,17.77,0.8564
2025-08-15 05:00:00,17.77,17.77,17.72,17.74,1.452
2025-08-15 06:00:00,17.74,17.8,17.73,17.74,2.995
2025-08-15 07:00:00,17.74,17.77,17.68,17.7,2.165
2025-08-15 08:00:00,17.7,17.74,17.7,17.71,1.79
2025-08-15 09:00:00,17.71,17.77,17.7,17.73,1.982
2025-08-15 10:00:00,17.73,17.75,17.69,17.73,0.997
2025-08-15 11:00:00,17.73,17.75,17.7,17.73,1.208
2025-08-15 12:00:00,17.73,17.8,17.73,17.75,3.025
2025-08-15 13:00:00,17.75,17.91,17.76,17.78,2.342
2025-08-15 14:00:00,17.78,17.9,17.74,17.74,2.578
2025-08-15 15:00:00,17.74,17.85,17.7,17.83,4.795
2025-08-15 16:00:00,17.83,17.88,17.79,17.82,5.986
2025-08-15 17:00:00,17.82,17.85,17.74,17.83,3.005
2025-08-15 18:00:00,17.83,17.9,17.82,17.82,1.309
2025-08-15 19:00:00,17.82,17.9,17.79,17.82,0.3133
2025-08-15 20:00:00,17.82,17.83,17.76,17.83,0.3546
2025-08-15 21:00:00,17.83,17.83,17.77,17.81,0.392
2025-08-15 22:00:00,17.75,17.93,17.56,17.65,4.697
2025-08-15 23:00:00,17.81,17.89,17.79,17.84,1.345
2025-08-16 00:00:00,17.84,17.82,17.76,17.81,0.3008
2025-08-16 01:00:00,17.81,17.83,17.79,17.81,0.2201
2025-08-16 02:00:00,17.81,17.87,17.79,17.79,0.8709
2025-08-16 03:00:00,17.79,17.84,17.79,17.79,0.147
2025-08-16 04:00:00,17.79,17.81,17.72,17.79,1.214
2025-08-16 05:00:00,17.79,17.83,17.77,17.78,0.5442
2025-08-16 06:00:00,17.78,17.83,17.77,17.79,1.787
2025-08-16 07:00:00,17.79,17.8,17.76,17.79,1.964
2025-08-16 08:00:00,17.79,17.8,17.76,17.78,2.832
2025-08-16 09:00:00,17.78,17.84,17.79,17.79,1.831
2025-08-16 10:00:00,17.79,17.8,17.75,17.78,0.9891
2025-08-16 11:00:00,17.78,17.81,17.78,17.78,0.46
2025-08-16 12:00:00,17.78,17.77,17.72,17.77,0.5377
2025-08-16 13:00:00,17.72,17.9,17.79,17.79,18.04
2025-08-16 14:00:00,17.79,17.78,17.75,17.77,0.3503
2025-08-16 15:00:00,17.77,17.79,17.76,17.78,0.3464
2025-08-16 16:00:00,17.78,17.8,17.77,17.79,0.2558
2025-08-16 17:00:00,17.79,17.8,17.77,17.79,0.7213
2025-08-16 18:00:00,17.79,17.79,17.78,17.79,0.2346
2025-08-16 19:00:00,17.79,17.79,17.78,17.78,0.1514
2025-08-16 20:00:00,17.78,17.79,17.78,17.78,0.1213
2025-08-16 21:00:00,17.78,17.82,17.79,17.79,0.3692
2025-08-16 22:00:00,17.79,17.8,17.77,17.79,0.2764
2025-08-16 23:00:00,17.79,17.8,17.78,17.79,0.1089
2025-08-17 00:00:00,17.79,17.81,17.79,17.8,0.07723
2025-08-17 01:00:00,17.8,17.78,17.75,17.77,0.206
2025-08-17 02:00:00,17.77,17.74,17.74,17.74,0.2295
2025-08-17 03:00:00,17.74,17.78,17.73,17.77,1.35
2025-08-17 04:00:00,17.77,17.79,17.72,17.79,0.6433
2025-08-17 05:00:00,17.79,17.82,17.78,17.79,0.6038
2025-08-17 06:00:00,17.79,17.82,17.77,17.8,0.1969
2025-08-17 07:00:00,17.8,17.8,17.77,17.79,0.5097
2025-08-17 08:00:00,17.79,17.78,17.71,17.78,0.6588
2025-08-17 09:00:00,17.76,17.85,17.73,17.77,12.09
2025-08-17 10:00:00,17.78,17.78,17.75,17.78,0.3694
2025-08-17 11:00:00,17.78,17.8,17.76,17.78,0.4013
2025-08-17 12:00:00,17.78,17.81,17.77,17.78,0.2216
2025-08-17 13:00:00,17.78,17.79,17.72,17.77,0.3125
2025-08-17 14:00:00,17.77,17.82,17.77,17.77,0.3188
2025-08-17 15:00:00,17.77,17.78,17.75,17.77,0.4063
2025-08-17 16:00:00,17.77,17.83,17.74,17.76,1.071
2025-08-17 17:00:00,17.76,17.76,17.71,17.74,0.6884
2025-08-17 18:00:00,17.71,17.98,17.67,17.7,26.27
2025-08-17 19:00:00,17.74,17.78,17.73,17.74,0.4779
2025-08-17 20:00:00,17.74,17.77,17.73,17.75,0.266
2025-08-17 21:00:00,17.75,17.76,17.73,17.76,0.08406
2025-08-17 22:00:00,17.76,17.75,17.71,17.75,0.1714
2025-08-17 23:00:00,17.75,17.84,17.75,17.76,0.06003
2025-08-18 00:00:00,17.76,17.79,17.75,17.77,0.4483
2025-08-18 01:00:00,17.77,17.92,17.79,17.81,2.001
2025-08-18 02:00:00,17.81,17.94,17.85,17.85,4.667
2025-08-18 03:00:00,17.85,17.92,17.87,17.9,1.291
2025-08-18 04:00:00,17.9,17.88,17.84,17.85,4.051
2025-08-18 05:00:00,17.85,17.84,17.72,17.77,3.824
2025-08-18 06:00:00,17.77,17.86,17.77,17.78,2.533
2025-08-18 07:00:00,17.78,17.86,17.79,17.81,3.05
2025-08-18 08:00:00,17.81,17.84,17.79,17.79,2.961
2025-08-18 09:00:00,17.79,17.8,17.7,17.78,3.089
2025-08-18 10:00:00,17.78,17.81,17.76,17.78,1.513
2025-08-18 11:00:00,17.78,17.83,17.77,17.78,1.508
2025-08-18 12:00:00,17.78,17.77,17.69,17.76,1.339
2025-08-18 13:00:00,17.76,17.92,17.81,17.82,3.134
2025-08-18 14:00:00,17.82,17.84,17.68,17.81,2.275
2025-08-18 15:00:00,17.81,17.84,17.72,17.84,0.8628
2025-08-18 16:00:00,17.84,17.9,17.82,17.85,1.144
2025-08-18 17:00:00,17.85,17.89,17.76,17.83,1.171
2025-08-18 18:00:00,17.83,17.84,17.8,17.82,0.5349
2025-08-18 19:00:00,17.82,17.87,17.79,17.81,0.6055
2025-08-18 20:00:00,17.81,17.84,17.74,17.81,0.7989
2025-08-18 21:00:00,17.81,17.82,17.77,17.81,0.3972
2025-08-18 22:00:00,17.82,17.98,17.87,17.95,7.97
2025-08-18 23:00:00,17.82,17.85,17.79,17.8,0.2522
2025-08-19 00:00:00,17.8,17.8,17.66,17.8,0.7149
2025-08-19 01:00:00,17.8,17.96,17.81,17.82,0.196
2025-08-19 02:00:00,17.82,17.9,17.81,17.86,1.184
2025-08-19 03:00:00,17.82,18.11,17.85,17.85,9.902
2025-08-19 04:00:00,17.85,17.86,17.72,17.84,1.702
2025-08-19 05:00:00,17.84,17.91,17.83,17.84,0.6242
2025-08-19 06:00:00,17.84,17.87,17.8,17.8,0.954
2025-08-19 07:00:00,17.8,17.83,17.74,17.79,2.217
2025-08-19 08:00:00,17.79,17.81,17.72,17.8,4.198
2025-08-19 09:00:00,17.8,17.81,17.75,17.76,1.557
2025-08-19 10:00:00,17.76,17.79,17.74,17.75,1.786
2025-08-19 11:00:00,17.75,17.79,17.73,17.76,1.247
2025-08-19 12:00:00,17.76,17.77,17.72,17.75,1.002
2025-08-19 13:00:00,17.75,17.9,17.77,17.8,1.295
2025-08-19 14:00:00,17.8,18.02,17.82,17.84,3.707
2025-08-19 15:00:00,17.84,17.89,17.8,17.83,3.511
2025-08-19 16:00:00,17.83,17.91,17.85,17.85,4.339
2025-08-19 17:00:00,17.85,17.87,17.79,17.84,3.534
2025-08-19 18:00:00,17.84,17.92,17.81,17.85,1.699
2025-08-19 19:00:00,17.85,17.92,17.79,17.86,1.619
2025-08-19 20:00:00,17.86,17.85,17.74,17.85,0.3586
2025-08-19 21:00:00,17.85,17.87,17.84,17.84,0.3936
2025-08-19 22:00:00,17.84,17.89,17.85,17.87,0.3045
2025-08-19 23:00:00,17.87,17.91,17.84,17.84,0.4151
2025-08-20 00:00:00,17.84,17.88,17.79,17.87,0.387
2025-08-20 01:00:00,17.87,17.92,17.82,17.87,0.9303
2025-08-20 02:00:00,17.87,17.88,17.79,17.88,0.5182
2025-08-20 03:00:00,17.88,17.89,17.84,17.87,0.461
2025-08-20 04:00:00,17.87,17.89,17.86,17.87,0.9588
2025-08-20 05:00:00,17.87,17.89,17.84,17.89,0.9827
2025-08-20 06:00:00,17.89,17.89,17.83,17.88,1.636
2025-08-20 07:00:00,17.88,17.92,17.85,17.85,2.34
2025-08-20 08:00:00,17.85,17.84,17.76,17.84,1.658
2025-08-20 09:00:00,17.84,17.89,17.84,17.86,2.148
2025-08-20 10:00:00,17.86,17.87,17.83,17.86,1.347
2025-08-20 11:00:00,17.86,17.89,17.79,17.86,2.922
2025-08-20 12:00:00,17.86,17.9,17.85,17.85,1.943
2025-08-20 13:00:00,17.85,18.01,17.85,17.87,3.152
2025-08-20 14:00:00,17.87,17.9,17.7,17.85,4.197
2025-08-20 15:00:00,17.85,17.98,17.84,17.85,2.011
2025-08-20 16:00:00,17.85,17.9,17.75,17.82,1.207
2025-08-20 17:00:00,17.82,17.86,17.77,17.83,1.644
2025-08-20 18:00:00,17.83,17.95,17.8,17.84,1.21
2025-08-20 19:00:00,17.84,17.83,17.7,17.81,0.7603
2025-08-20 20:00:00,17.81,17.82,17.76,17.82,0.5922
2025-08-20 21:00:00,17.82,17.82,17.75,17.82,0.4076
2025-08-20 22:00:00,17.82,17.81,17.75,17.8,0.1714
2025-08-20 23:00:00,17.8,17.86,17.81,17.82,0.2897
2025-08-21 00:00:00,17.82,17.84,17.78,17.83,0.1489
2025-08-21 01:00:00,17.83,17.81,17.72,17.81,0.1114
2025-08-21 02:00:00,17.81,17.94,17.81,17.83,0.3245
2025-08-21 03:00:00,17.83,17.92,17.84,17.85,0.4599
2025-08-21 04:00:00,17.85,17.89,17.85,17.85,0.7588
2025-08-21 05:00:00,17.85,17.85,17.8,17.85,0.5123
2025-08-21 06:00:00,17.85,17.89,17.8,17.88,2.142
2025-08-21 07:00:00,17.88,17.89,17.83,17.89,1.602
2025-08-21 08:00:00,17.89,17.94,17.88,17.88,1.131
2025-08-21 09:00:00,17.88,17.92,17.84,17.84,1.368
2025-08-21 10:00:00,17.84,17.86,17.82,17.83,1.042
2025-08-21 11:00:00,17.83,17.89,17.82,17.84,0.9283
2025-08-21 12:00:00,17.84,17.87,17.82,17.84,1.569
2025-08-21 13:00:00,17.84,17.85,17.77,17.84,0.8238
2025-08-21 14:00:00,17.84,17.92,17.81,17.86,3.227
2025-08-21 15:00:00,17.86,17.94,17.85,17.89,0.9919
2025-08-21 16:00:00,17.89,17.99,17.9,17.9,0.7885
2025-08-21 17:00:00,17.9,17.91,17.85,17.89,2.355
2025-08-21 18:00:00,17.89,17.89,17.82,17.88,0.5778
2025-08-21 19:00:00,17.88,17.96,17.85,17.87,0.6451
2025-08-21 20:00:00,17.87,17.92,17.82,17.88,0.3978
2025-08-21 21:00:00,17.88,17.88,17.8,17.88,0.4238
2025-08-21 22:00:00,17.88,17.9,17.85,17.87,0.0613
2025-08-21 23:00:00,17.85,17.87,17.85,17.86,14360038.6
